[-1331708ms] [INFO] %cDownload the React DevTools for a better development experience: https://react.dev/link/react-devtools font-weight:bold @ http://localhost:3000/_next/static/chunks/node_modules_next_dist_f3530cac._.js:2297
[-1331683ms] [LOG] [HMR] connected @ http://localhost:3000/_next/static/chunks/node_modules_next_dist_f3530cac._.js:2297
[-1283943ms] [LOG] [Fast Refresh] rebuilding @ http://localhost:3000/_next/static/chunks/node_modules_next_dist_f3530cac._.js:2297
[-1283938ms] [LOG] [Fast Refresh] done in 108ms @ http://localhost:3000/_next/static/chunks/node_modules_next_dist_f3530cac._.js:2297
[ -484418ms] [LOG] [Fast Refresh] rebuilding @ http://localhost:3000/_next/static/chunks/node_modules_next_dist_f3530cac._.js:2297
[ -484329ms] [LOG] [Fast Refresh] done in 191ms @ http://localhost:3000/_next/static/chunks/node_modules_next_dist_f3530cac._.js:2297
[ -377513ms] [LOG] [Fast Refresh] rebuilding @ http://localhost:3000/_next/static/chunks/node_modules_next_dist_f3530cac._.js:2297
[ -377404ms] [ERROR] ./app/lib/columns/blocks.ts:2:1
Export stripInlineMarkers doesn't exist in target module
  1 | import { COLUMN_LIMITS } from './constants';
> 2 | import { stripInlineMarkers } from './inline';
    | ^^^^^^^^^^^^^^^^^^^^^^^^^^^^^^^^^^^^^^^^^^^^^^
  3 | import type { ColumnBlock } from './types';
  4 | import { extractYouTubeId, youtubeThumbnailUrl } from '../youtube';
  5 |

The export stripInlineMarkers was not found in module [project]/app/lib/columns/inline.ts [app-rsc] (ecmascript).
Did you mean to import inlineToPlainText?
All exports of the module are statically known (It doesn't have dynamic exports). So it's known statically that the requested export doesn't exist.

Import trace:
  Server Component:
    ./app/lib/columns/blocks.ts
    ./app/lib/columns/queries.ts
    ./app/column/page.tsx @ http://localhost:3000/_next/static/chunks/node_modules_next_dist_f3530cac._.js:3127
[ -377403ms] [ERROR] ./app/column/components/BlockRenderer/BlockRenderer.tsx:5:1
Export parseInlineText doesn't exist in target module
  3 | import styles from './BlockRenderer.module.css';
  4 | import LiteYouTube from '../LiteYouTube';
> 5 | import { parseInlineText } from '../../../lib/columns/inline';
    | ^^^^^^^^^^^^^^^^^^^^^^^^^^^^^^^^^^^^^^^^^^^^^^^^^^^^^^^^^^^^^^
  6 | import type { ColumnBlock } from '../../../lib/columns/types';
  7 |
  8 | const FALLBACK_WIDTH = 1200;

The export parseInlineText was not found in module [project]/app/lib/columns/inline.ts [app-rsc] (ecmascript).
Did you mean to import parseInlineContent?
All exports of the module are statically known (It doesn't have dynamic exports). So it's known statically that the requested export doesn't exist.

Import trace:
  Server Component:
    ./app/column/components/BlockRenderer/BlockRenderer.tsx
    ./app/column/[slug]/page.tsx @ http://localhost:3000/_next/static/chunks/node_modules_next_dist_f3530cac._.js:3127
[ -377403ms] [ERROR] ./app/admin/components/BlockEditorItem/BlockEditorItem.tsx:8:1
Export hasHighlight doesn't exist in target module
   6 | import ImageUploadField from '../ImageUploadField';
   7 | import { COLUMN_LIMITS } from '../../../lib/columns/constants';
>  8 | import { hasHighlight, parseInlineText, toggleHighlight } from '../../../lib/columns/inline';
     | ^^^^^^^^^^^^^^^^^^^^^^^^^^^^^^^^^^^^^^^^^^^^^^^^^^^^^^^^^^^^^^^^^^^^^^^^^^^^^^^^^^^^^^^^^^^^^
   9 | import type { ColumnBlock, ParagraphBlock, YoutubeBlock } from '../../../lib/columns/types';
  10 | import { extractYouTubeId, youtubeThumbnailUrl } from '../../../lib/youtube';
  11 |

The export hasHighlight was not found in module [project]/app/lib/columns/inline.ts [app-client] (ecmascript).
Did you mean to import inlineToPlainText?
All exports of the module are statically known (It doesn't have dynamic exports). So it's known statically that the requested export doesn't exist.

Import traces:
  Client Component Browser:
    ./app/admin/components/BlockEditorItem/BlockEditorItem.tsx [Client Component Browser]
    ./app/admin/components/BlockEditor/BlockEditor.tsx [Client Component Browser]
    ./app/admin/components/ColumnEditor/ColumnEditor.tsx [Client Component Browser]
    ./app/admin/components/ColumnEditor/ColumnEditor.tsx [Server Component]
    ./app/admin/(protected)/columns/[id]/edit/page.tsx [Server Component]

  Client Component SSR:
    ./app/admin/components/BlockEditorItem/BlockEditorItem.tsx [Client Component SSR]
    ./app/admin/components/BlockEditor/BlockEditor.tsx [Client Component SSR]
    ./app/admin/components/ColumnEditor/ColumnEditor.tsx [Client Component SSR]
    ./app/admin/components/ColumnEditor/ColumnEditor.tsx [Server Component]
    ./app/admin/(protected)/columns/[id]/edit/page.tsx [Server Component] @ http://localhost:3000/_next/static/chunks/node_modules_next_dist_f3530cac._.js:3127
[ -377402ms] [ERROR] ./app/admin/components/BlockEditorItem/BlockEditorItem.tsx:8:1
Export hasHighlight doesn't exist in target module
   6 | import ImageUploadField from '../ImageUploadField';
   7 | import { COLUMN_LIMITS } from '../../../lib/columns/constants';
>  8 | import { hasHighlight, parseInlineText, toggleHighlight } from '../../../lib/columns/inline';
     | ^^^^^^^^^^^^^^^^^^^^^^^^^^^^^^^^^^^^^^^^^^^^^^^^^^^^^^^^^^^^^^^^^^^^^^^^^^^^^^^^^^^^^^^^^^^^^
   9 | import type { ColumnBlock, ParagraphBlock, YoutubeBlock } from '../../../lib/columns/types';
  10 | import { extractYouTubeId, youtubeThumbnailUrl } from '../../../lib/youtube';
  11 |

The export hasHighlight was not found in module [project]/app/lib/columns/inline.ts [app-ssr] (ecmascript).
Did you mean to import inlineToPlainText?
All exports of the module are statically known (It doesn't have dynamic exports). So it's known statically that the requested export doesn't exist.

Import traces:
  Client Component Browser:
    ./app/admin/components/BlockEditorItem/BlockEditorItem.tsx [Client Component Browser]
    ./app/admin/components/BlockEditor/BlockEditor.tsx [Client Component Browser]
    ./app/admin/components/ColumnEditor/ColumnEditor.tsx [Client Component Browser]
    ./app/admin/components/ColumnEditor/ColumnEditor.tsx [Server Component]
    ./app/admin/(protected)/columns/[id]/edit/page.tsx [Server Component]

  Client Component SSR:
    ./app/admin/components/BlockEditorItem/BlockEditorItem.tsx [Client Component SSR]
    ./app/admin/components/BlockEditor/BlockEditor.tsx [Client Component SSR]
    ./app/admin/components/ColumnEditor/ColumnEditor.tsx [Client Component SSR]
    ./app/admin/components/ColumnEditor/ColumnEditor.tsx [Server Component]
    ./app/admin/(protected)/columns/[id]/edit/page.tsx [Server Component] @ http://localhost:3000/_next/static/chunks/node_modules_next_dist_f3530cac._.js:3127
[ -377401ms] [ERROR] ./app/admin/components/BlockEditorItem/BlockEditorItem.tsx:8:1
Export parseInlineText doesn't exist in target module
   6 | import ImageUploadField from '../ImageUploadField';
   7 | import { COLUMN_LIMITS } from '../../../lib/columns/constants';
>  8 | import { hasHighlight, parseInlineText, toggleHighlight } from '../../../lib/columns/inline';
     | ^^^^^^^^^^^^^^^^^^^^^^^^^^^^^^^^^^^^^^^^^^^^^^^^^^^^^^^^^^^^^^^^^^^^^^^^^^^^^^^^^^^^^^^^^^^^^
   9 | import type { ColumnBlock, ParagraphBlock, YoutubeBlock } from '../../../lib/columns/types';
  10 | import { extractYouTubeId, youtubeThumbnailUrl } from '../../../lib/youtube';
  11 |

The export parseInlineText was not found in module [project]/app/lib/columns/inline.ts [app-client] (ecmascript).
Did you mean to import parseInlineContent?
All exports of the module are statically known (It doesn't have dynamic exports). So it's known statically that the requested export doesn't exist.

Import traces:
  Client Component Browser:
    ./app/admin/components/BlockEditorItem/BlockEditorItem.tsx [Client Component Browser]
    ./app/admin/components/BlockEditor/BlockEditor.tsx [Client Component Browser]
    ./app/admin/components/ColumnEditor/ColumnEditor.tsx [Client Component Browser]
    ./app/admin/components/ColumnEditor/ColumnEditor.tsx [Server Component]
    ./app/admin/(protected)/columns/[id]/edit/page.tsx [Server Component]

  Client Component SSR:
    ./app/admin/components/BlockEditorItem/BlockEditorItem.tsx [Client Component SSR]
    ./app/admin/components/BlockEditor/BlockEditor.tsx [Client Component SSR]
    ./app/admin/components/ColumnEditor/ColumnEditor.tsx [Client Component SSR]
    ./app/admin/components/ColumnEditor/ColumnEditor.tsx [Server Component]
    ./app/admin/(protected)/columns/[id]/edit/page.tsx [Server Component] @ http://localhost:3000/_next/static/chunks/node_modules_next_dist_f3530cac._.js:3127
[ -377401ms] [ERROR] ./app/admin/components/BlockEditorItem/BlockEditorItem.tsx:8:1
Export parseInlineText doesn't exist in target module
   6 | import ImageUploadField from '../ImageUploadField';
   7 | import { COLUMN_LIMITS } from '../../../lib/columns/constants';
>  8 | import { hasHighlight, parseInlineText, toggleHighlight } from '../../../lib/columns/inline';
     | ^^^^^^^^^^^^^^^^^^^^^^^^^^^^^^^^^^^^^^^^^^^^^^^^^^^^^^^^^^^^^^^^^^^^^^^^^^^^^^^^^^^^^^^^^^^^^
   9 | import type { ColumnBlock, ParagraphBlock, YoutubeBlock } from '../../../lib/columns/types';
  10 | import { extractYouTubeId, youtubeThumbnailUrl } from '../../../lib/youtube';
  11 |

The export parseInlineText was not found in module [project]/app/lib/columns/inline.ts [app-ssr] (ecmascript).
Did you mean to import parseInlineContent?
All exports of the module are statically known (It doesn't have dynamic exports). So it's known statically that the requested export doesn't exist.

Import traces:
  Client Component Browser:
    ./app/admin/components/BlockEditorItem/BlockEditorItem.tsx [Client Component Browser]
    ./app/admin/components/BlockEditor/BlockEditor.tsx [Client Component Browser]
    ./app/admin/components/ColumnEditor/ColumnEditor.tsx [Client Component Browser]
    ./app/admin/components/ColumnEditor/ColumnEditor.tsx [Server Component]
    ./app/admin/(protected)/columns/[id]/edit/page.tsx [Server Component]

  Client Component SSR:
    ./app/admin/components/BlockEditorItem/BlockEditorItem.tsx [Client Component SSR]
    ./app/admin/components/BlockEditor/BlockEditor.tsx [Client Component SSR]
    ./app/admin/components/ColumnEditor/ColumnEditor.tsx [Client Component SSR]
    ./app/admin/components/ColumnEditor/ColumnEditor.tsx [Server Component]
    ./app/admin/(protected)/columns/[id]/edit/page.tsx [Server Component] @ http://localhost:3000/_next/static/chunks/node_modules_next_dist_f3530cac._.js:3127
[ -377401ms] [ERROR] ./app/admin/components/BlockEditorItem/BlockEditorItem.tsx:8:1
Export toggleHighlight doesn't exist in target module
   6 | import ImageUploadField from '../ImageUploadField';
   7 | import { COLUMN_LIMITS } from '../../../lib/columns/constants';
>  8 | import { hasHighlight, parseInlineText, toggleHighlight } from '../../../lib/columns/inline';
     | ^^^^^^^^^^^^^^^^^^^^^^^^^^^^^^^^^^^^^^^^^^^^^^^^^^^^^^^^^^^^^^^^^^^^^^^^^^^^^^^^^^^^^^^^^^^^^
   9 | import type { ColumnBlock, ParagraphBlock, YoutubeBlock } from '../../../lib/columns/types';
  10 | import { extractYouTubeId, youtubeThumbnailUrl } from '../../../lib/youtube';
  11 |

The export toggleHighlight was not found in module [project]/app/lib/columns/inline.ts [app-client] (ecmascript).
Did you mean to import inlineToPlainText?
All exports of the module are statically known (It doesn't have dynamic exports). So it's known statically that the requested export doesn't exist.

Import traces:
  Client Component Browser:
    ./app/admin/components/BlockEditorItem/BlockEditorItem.tsx [Client Component Browser]
    ./app/admin/components/BlockEditor/BlockEditor.tsx [Client Component Browser]
    ./app/admin/components/ColumnEditor/ColumnEditor.tsx [Client Component Browser]
    ./app/admin/components/ColumnEditor/ColumnEditor.tsx [Server Component]
    ./app/admin/(protected)/columns/[id]/edit/page.tsx [Server Component]

  Client Component SSR:
    ./app/admin/components/BlockEditorItem/BlockEditorItem.tsx [Client Component SSR]
    ./app/admin/components/BlockEditor/BlockEditor.tsx [Client Component SSR]
    ./app/admin/components/ColumnEditor/ColumnEditor.tsx [Client Component SSR]
    ./app/admin/components/ColumnEditor/ColumnEditor.tsx [Server Component]
    ./app/admin/(protected)/columns/[id]/edit/page.tsx [Server Component] @ http://localhost:3000/_next/static/chunks/node_modules_next_dist_f3530cac._.js:3127
[ -377401ms] [ERROR] ./app/admin/components/BlockEditorItem/BlockEditorItem.tsx:8:1
Export toggleHighlight doesn't exist in target module
   6 | import ImageUploadField from '../ImageUploadField';
   7 | import { COLUMN_LIMITS } from '../../../lib/columns/constants';
>  8 | import { hasHighlight, parseInlineText, toggleHighlight } from '../../../lib/columns/inline';
     | ^^^^^^^^^^^^^^^^^^^^^^^^^^^^^^^^^^^^^^^^^^^^^^^^^^^^^^^^^^^^^^^^^^^^^^^^^^^^^^^^^^^^^^^^^^^^^
   9 | import type { ColumnBlock, ParagraphBlock, YoutubeBlock } from '../../../lib/columns/types';
  10 | import { extractYouTubeId, youtubeThumbnailUrl } from '../../../lib/youtube';
  11 |

The export toggleHighlight was not found in module [project]/app/lib/columns/inline.ts [app-ssr] (ecmascript).
Did you mean to import inlineToPlainText?
All exports of the module are statically known (It doesn't have dynamic exports). So it's known statically that the requested export doesn't exist.

Import traces:
  Client Component Browser:
    ./app/admin/components/BlockEditorItem/BlockEditorItem.tsx [Client Component Browser]
    ./app/admin/components/BlockEditor/BlockEditor.tsx [Client Component Browser]
    ./app/admin/components/ColumnEditor/ColumnEditor.tsx [Client Component Browser]
    ./app/admin/components/ColumnEditor/ColumnEditor.tsx [Server Component]
    ./app/admin/(protected)/columns/[id]/edit/page.tsx [Server Component]

  Client Component SSR:
    ./app/admin/components/BlockEditorItem/BlockEditorItem.tsx [Client Component SSR]
    ./app/admin/components/BlockEditor/BlockEditor.tsx [Client Component SSR]
    ./app/admin/components/ColumnEditor/ColumnEditor.tsx [Client Component SSR]
    ./app/admin/components/ColumnEditor/ColumnEditor.tsx [Server Component]
    ./app/admin/(protected)/columns/[id]/edit/page.tsx [Server Component] @ http://localhost:3000/_next/static/chunks/node_modules_next_dist_f3530cac._.js:3127
[ -366607ms] [ERROR] ./app/lib/columns/blocks.ts:2:1
Export stripInlineMarkers doesn't exist in target module
  1 | import { COLUMN_LIMITS } from './constants';
> 2 | import { stripInlineMarkers } from './inline';
    | ^^^^^^^^^^^^^^^^^^^^^^^^^^^^^^^^^^^^^^^^^^^^^^
  3 | import type { ColumnBlock } from './types';
  4 | import { extractYouTubeId, youtubeThumbnailUrl } from '../youtube';
  5 |

The export stripInlineMarkers was not found in module [project]/app/lib/columns/inline.ts [app-rsc] (ecmascript).
Did you mean to import inlineToPlainText?
All exports of the module are statically known (It doesn't have dynamic exports). So it's known statically that the requested export doesn't exist.

Import trace:
  Server Component:
    ./app/lib/columns/blocks.ts
    ./app/lib/columns/queries.ts
    ./app/column/page.tsx @ http://localhost:3000/_next/static/chunks/node_modules_next_dist_f3530cac._.js:3127
[ -366607ms] [ERROR] ./app/column/components/BlockRenderer/BlockRenderer.tsx:5:1
Export parseInlineText doesn't exist in target module
  3 | import styles from './BlockRenderer.module.css';
  4 | import LiteYouTube from '../LiteYouTube';
> 5 | import { parseInlineText } from '../../../lib/columns/inline';
    | ^^^^^^^^^^^^^^^^^^^^^^^^^^^^^^^^^^^^^^^^^^^^^^^^^^^^^^^^^^^^^^
  6 | import type { ColumnBlock } from '../../../lib/columns/types';
  7 |
  8 | const FALLBACK_WIDTH = 1200;

The export parseInlineText was not found in module [project]/app/lib/columns/inline.ts [app-rsc] (ecmascript).
Did you mean to import parseInlineContent?
All exports of the module are statically known (It doesn't have dynamic exports). So it's known statically that the requested export doesn't exist.

Import trace:
  Server Component:
    ./app/column/components/BlockRenderer/BlockRenderer.tsx
    ./app/column/[slug]/page.tsx @ http://localhost:3000/_next/static/chunks/node_modules_next_dist_f3530cac._.js:3127
[ -366607ms] [ERROR] ./app/admin/components/BlockEditorItem/BlockEditorItem.tsx:8:1
Export hasHighlight doesn't exist in target module
   6 | import ImageUploadField from '../ImageUploadField';
   7 | import { COLUMN_LIMITS } from '../../../lib/columns/constants';
>  8 | import { hasHighlight, parseInlineText, toggleHighlight } from '../../../lib/columns/inline';
     | ^^^^^^^^^^^^^^^^^^^^^^^^^^^^^^^^^^^^^^^^^^^^^^^^^^^^^^^^^^^^^^^^^^^^^^^^^^^^^^^^^^^^^^^^^^^^^
   9 | import type { ColumnBlock, ParagraphBlock, YoutubeBlock } from '../../../lib/columns/types';
  10 | import { extractYouTubeId, youtubeThumbnailUrl } from '../../../lib/youtube';
  11 |

The export hasHighlight was not found in module [project]/app/lib/columns/inline.ts [app-client] (ecmascript).
Did you mean to import inlineToPlainText?
All exports of the module are statically known (It doesn't have dynamic exports). So it's known statically that the requested export doesn't exist.

Import traces:
  Client Component Browser:
    ./app/admin/components/BlockEditorItem/BlockEditorItem.tsx [Client Component Browser]
    ./app/admin/components/BlockEditor/BlockEditor.tsx [Client Component Browser]
    ./app/admin/components/ColumnEditor/ColumnEditor.tsx [Client Component Browser]
    ./app/admin/components/ColumnEditor/ColumnEditor.tsx [Server Component]
    ./app/admin/(protected)/columns/[id]/edit/page.tsx [Server Component]

  Client Component SSR:
    ./app/admin/components/BlockEditorItem/BlockEditorItem.tsx [Client Component SSR]
    ./app/admin/components/BlockEditor/BlockEditor.tsx [Client Component SSR]
    ./app/admin/components/ColumnEditor/ColumnEditor.tsx [Client Component SSR]
    ./app/admin/components/ColumnEditor/ColumnEditor.tsx [Server Component]
    ./app/admin/(protected)/columns/[id]/edit/page.tsx [Server Component] @ http://localhost:3000/_next/static/chunks/node_modules_next_dist_f3530cac._.js:3127
[ -366607ms] [ERROR] ./app/admin/components/BlockEditorItem/BlockEditorItem.tsx:8:1
Export hasHighlight doesn't exist in target module
   6 | import ImageUploadField from '../ImageUploadField';
   7 | import { COLUMN_LIMITS } from '../../../lib/columns/constants';
>  8 | import { hasHighlight, parseInlineText, toggleHighlight } from '../../../lib/columns/inline';
     | ^^^^^^^^^^^^^^^^^^^^^^^^^^^^^^^^^^^^^^^^^^^^^^^^^^^^^^^^^^^^^^^^^^^^^^^^^^^^^^^^^^^^^^^^^^^^^
   9 | import type { ColumnBlock, ParagraphBlock, YoutubeBlock } from '../../../lib/columns/types';
  10 | import { extractYouTubeId, youtubeThumbnailUrl } from '../../../lib/youtube';
  11 |

The export hasHighlight was not found in module [project]/app/lib/columns/inline.ts [app-ssr] (ecmascript).
Did you mean to import inlineToPlainText?
All exports of the module are statically known (It doesn't have dynamic exports). So it's known statically that the requested export doesn't exist.

Import traces:
  Client Component Browser:
    ./app/admin/components/BlockEditorItem/BlockEditorItem.tsx [Client Component Browser]
    ./app/admin/components/BlockEditor/BlockEditor.tsx [Client Component Browser]
    ./app/admin/components/ColumnEditor/ColumnEditor.tsx [Client Component Browser]
    ./app/admin/components/ColumnEditor/ColumnEditor.tsx [Server Component]
    ./app/admin/(protected)/columns/[id]/edit/page.tsx [Server Component]

  Client Component SSR:
    ./app/admin/components/BlockEditorItem/BlockEditorItem.tsx [Client Component SSR]
    ./app/admin/components/BlockEditor/BlockEditor.tsx [Client Component SSR]
    ./app/admin/components/ColumnEditor/ColumnEditor.tsx [Client Component SSR]
    ./app/admin/components/ColumnEditor/ColumnEditor.tsx [Server Component]
    ./app/admin/(protected)/columns/[id]/edit/page.tsx [Server Component] @ http://localhost:3000/_next/static/chunks/node_modules_next_dist_f3530cac._.js:3127
[ -366607ms] [ERROR] ./app/admin/components/BlockEditorItem/BlockEditorItem.tsx:8:1
Export parseInlineText doesn't exist in target module
   6 | import ImageUploadField from '../ImageUploadField';
   7 | import { COLUMN_LIMITS } from '../../../lib/columns/constants';
>  8 | import { hasHighlight, parseInlineText, toggleHighlight } from '../../../lib/columns/inline';
     | ^^^^^^^^^^^^^^^^^^^^^^^^^^^^^^^^^^^^^^^^^^^^^^^^^^^^^^^^^^^^^^^^^^^^^^^^^^^^^^^^^^^^^^^^^^^^^
   9 | import type { ColumnBlock, ParagraphBlock, YoutubeBlock } from '../../../lib/columns/types';
  10 | import { extractYouTubeId, youtubeThumbnailUrl } from '../../../lib/youtube';
  11 |

The export parseInlineText was not found in module [project]/app/lib/columns/inline.ts [app-client] (ecmascript).
Did you mean to import parseInlineContent?
All exports of the module are statically known (It doesn't have dynamic exports). So it's known statically that the requested export doesn't exist.

Import traces:
  Client Component Browser:
    ./app/admin/components/BlockEditorItem/BlockEditorItem.tsx [Client Component Browser]
    ./app/admin/components/BlockEditor/BlockEditor.tsx [Client Component Browser]
    ./app/admin/components/ColumnEditor/ColumnEditor.tsx [Client Component Browser]
    ./app/admin/components/ColumnEditor/ColumnEditor.tsx [Server Component]
    ./app/admin/(protected)/columns/[id]/edit/page.tsx [Server Component]

  Client Component SSR:
    ./app/admin/components/BlockEditorItem/BlockEditorItem.tsx [Client Component SSR]
    ./app/admin/components/BlockEditor/BlockEditor.tsx [Client Component SSR]
    ./app/admin/components/ColumnEditor/ColumnEditor.tsx [Client Component SSR]
    ./app/admin/components/ColumnEditor/ColumnEditor.tsx [Server Component]
    ./app/admin/(protected)/columns/[id]/edit/page.tsx [Server Component] @ http://localhost:3000/_next/static/chunks/node_modules_next_dist_f3530cac._.js:3127
[ -366607ms] [ERROR] ./app/admin/components/BlockEditorItem/BlockEditorItem.tsx:8:1
Export parseInlineText doesn't exist in target module
   6 | import ImageUploadField from '../ImageUploadField';
   7 | import { COLUMN_LIMITS } from '../../../lib/columns/constants';
>  8 | import { hasHighlight, parseInlineText, toggleHighlight } from '../../../lib/columns/inline';
     | ^^^^^^^^^^^^^^^^^^^^^^^^^^^^^^^^^^^^^^^^^^^^^^^^^^^^^^^^^^^^^^^^^^^^^^^^^^^^^^^^^^^^^^^^^^^^^
   9 | import type { ColumnBlock, ParagraphBlock, YoutubeBlock } from '../../../lib/columns/types';
  10 | import { extractYouTubeId, youtubeThumbnailUrl } from '../../../lib/youtube';
  11 |

The export parseInlineText was not found in module [project]/app/lib/columns/inline.ts [app-ssr] (ecmascript).
Did you mean to import parseInlineContent?
All exports of the module are statically known (It doesn't have dynamic exports). So it's known statically that the requested export doesn't exist.

Import traces:
  Client Component Browser:
    ./app/admin/components/BlockEditorItem/BlockEditorItem.tsx [Client Component Browser]
    ./app/admin/components/BlockEditor/BlockEditor.tsx [Client Component Browser]
    ./app/admin/components/ColumnEditor/ColumnEditor.tsx [Client Component Browser]
    ./app/admin/components/ColumnEditor/ColumnEditor.tsx [Server Component]
    ./app/admin/(protected)/columns/[id]/edit/page.tsx [Server Component]

  Client Component SSR:
    ./app/admin/components/BlockEditorItem/BlockEditorItem.tsx [Client Component SSR]
    ./app/admin/components/BlockEditor/BlockEditor.tsx [Client Component SSR]
    ./app/admin/components/ColumnEditor/ColumnEditor.tsx [Client Component SSR]
    ./app/admin/components/ColumnEditor/ColumnEditor.tsx [Server Component]
    ./app/admin/(protected)/columns/[id]/edit/page.tsx [Server Component] @ http://localhost:3000/_next/static/chunks/node_modules_next_dist_f3530cac._.js:3127
[ -366606ms] [ERROR] ./app/admin/components/BlockEditorItem/BlockEditorItem.tsx:8:1
Export toggleHighlight doesn't exist in target module
   6 | import ImageUploadField from '../ImageUploadField';
   7 | import { COLUMN_LIMITS } from '../../../lib/columns/constants';
>  8 | import { hasHighlight, parseInlineText, toggleHighlight } from '../../../lib/columns/inline';
     | ^^^^^^^^^^^^^^^^^^^^^^^^^^^^^^^^^^^^^^^^^^^^^^^^^^^^^^^^^^^^^^^^^^^^^^^^^^^^^^^^^^^^^^^^^^^^^
   9 | import type { ColumnBlock, ParagraphBlock, YoutubeBlock } from '../../../lib/columns/types';
  10 | import { extractYouTubeId, youtubeThumbnailUrl } from '../../../lib/youtube';
  11 |

The export toggleHighlight was not found in module [project]/app/lib/columns/inline.ts [app-client] (ecmascript).
Did you mean to import inlineToPlainText?
All exports of the module are statically known (It doesn't have dynamic exports). So it's known statically that the requested export doesn't exist.

Import traces:
  Client Component Browser:
    ./app/admin/components/BlockEditorItem/BlockEditorItem.tsx [Client Component Browser]
    ./app/admin/components/BlockEditor/BlockEditor.tsx [Client Component Browser]
    ./app/admin/components/ColumnEditor/ColumnEditor.tsx [Client Component Browser]
    ./app/admin/components/ColumnEditor/ColumnEditor.tsx [Server Component]
    ./app/admin/(protected)/columns/[id]/edit/page.tsx [Server Component]

  Client Component SSR:
    ./app/admin/components/BlockEditorItem/BlockEditorItem.tsx [Client Component SSR]
    ./app/admin/components/BlockEditor/BlockEditor.tsx [Client Component SSR]
    ./app/admin/components/ColumnEditor/ColumnEditor.tsx [Client Component SSR]
    ./app/admin/components/ColumnEditor/ColumnEditor.tsx [Server Component]
    ./app/admin/(protected)/columns/[id]/edit/page.tsx [Server Component] @ http://localhost:3000/_next/static/chunks/node_modules_next_dist_f3530cac._.js:3127
[ -366606ms] [ERROR] ./app/admin/components/BlockEditorItem/BlockEditorItem.tsx:8:1
Export toggleHighlight doesn't exist in target module
   6 | import ImageUploadField from '../ImageUploadField';
   7 | import { COLUMN_LIMITS } from '../../../lib/columns/constants';
>  8 | import { hasHighlight, parseInlineText, toggleHighlight } from '../../../lib/columns/inline';
     | ^^^^^^^^^^^^^^^^^^^^^^^^^^^^^^^^^^^^^^^^^^^^^^^^^^^^^^^^^^^^^^^^^^^^^^^^^^^^^^^^^^^^^^^^^^^^^
   9 | import type { ColumnBlock, ParagraphBlock, YoutubeBlock } from '../../../lib/columns/types';
  10 | import { extractYouTubeId, youtubeThumbnailUrl } from '../../../lib/youtube';
  11 |

The export toggleHighlight was not found in module [project]/app/lib/columns/inline.ts [app-ssr] (ecmascript).
Did you mean to import inlineToPlainText?
All exports of the module are statically known (It doesn't have dynamic exports). So it's known statically that the requested export doesn't exist.

Import traces:
  Client Component Browser:
    ./app/admin/components/BlockEditorItem/BlockEditorItem.tsx [Client Component Browser]
    ./app/admin/components/BlockEditor/BlockEditor.tsx [Client Component Browser]
    ./app/admin/components/ColumnEditor/ColumnEditor.tsx [Client Component Browser]
    ./app/admin/components/ColumnEditor/ColumnEditor.tsx [Server Component]
    ./app/admin/(protected)/columns/[id]/edit/page.tsx [Server Component]

  Client Component SSR:
    ./app/admin/components/BlockEditorItem/BlockEditorItem.tsx [Client Component SSR]
    ./app/admin/components/BlockEditor/BlockEditor.tsx [Client Component SSR]
    ./app/admin/components/ColumnEditor/ColumnEditor.tsx [Client Component SSR]
    ./app/admin/components/ColumnEditor/ColumnEditor.tsx [Server Component]
    ./app/admin/(protected)/columns/[id]/edit/page.tsx [Server Component] @ http://localhost:3000/_next/static/chunks/node_modules_next_dist_f3530cac._.js:3127
[ -366567ms] [LOG] [Fast Refresh] rebuilding @ http://localhost:3000/_next/static/chunks/node_modules_next_dist_f3530cac._.js:2297
[ -360390ms] [ERROR] ./app/lib/columns/blocks.ts:2:1
Export stripInlineMarkers doesn't exist in target module
  1 | import { COLUMN_LIMITS } from './constants';
> 2 | import { stripInlineMarkers } from './inline';
    | ^^^^^^^^^^^^^^^^^^^^^^^^^^^^^^^^^^^^^^^^^^^^^^
  3 | import type { ColumnBlock } from './types';
  4 | import { extractYouTubeId, youtubeThumbnailUrl } from '../youtube';
  5 |

The export stripInlineMarkers was not found in module [project]/app/lib/columns/inline.ts [app-rsc] (ecmascript).
Did you mean to import inlineToPlainText?
All exports of the module are statically known (It doesn't have dynamic exports). So it's known statically that the requested export doesn't exist.

Import trace:
  Server Component:
    ./app/lib/columns/blocks.ts
    ./app/lib/columns/queries.ts
    ./app/column/page.tsx @ http://localhost:3000/_next/static/chunks/node_modules_next_dist_f3530cac._.js:3127
[ -360390ms] [ERROR] ./app/column/components/BlockRenderer/BlockRenderer.tsx:5:1
Export parseInlineText doesn't exist in target module
  3 | import styles from './BlockRenderer.module.css';
  4 | import LiteYouTube from '../LiteYouTube';
> 5 | import { parseInlineText } from '../../../lib/columns/inline';
    | ^^^^^^^^^^^^^^^^^^^^^^^^^^^^^^^^^^^^^^^^^^^^^^^^^^^^^^^^^^^^^^
  6 | import type { ColumnBlock } from '../../../lib/columns/types';
  7 |
  8 | const FALLBACK_WIDTH = 1200;

The export parseInlineText was not found in module [project]/app/lib/columns/inline.ts [app-rsc] (ecmascript).
Did you mean to import parseInlineContent?
All exports of the module are statically known (It doesn't have dynamic exports). So it's known statically that the requested export doesn't exist.

Import trace:
  Server Component:
    ./app/column/components/BlockRenderer/BlockRenderer.tsx
    ./app/column/[slug]/page.tsx @ http://localhost:3000/_next/static/chunks/node_modules_next_dist_f3530cac._.js:3127
[ -360390ms] [ERROR] ./app/admin/components/BlockEditorItem/BlockEditorItem.tsx:8:1
Export hasHighlight doesn't exist in target module
   6 | import ImageUploadField from '../ImageUploadField';
   7 | import { COLUMN_LIMITS } from '../../../lib/columns/constants';
>  8 | import { hasHighlight, parseInlineText, toggleHighlight } from '../../../lib/columns/inline';
     | ^^^^^^^^^^^^^^^^^^^^^^^^^^^^^^^^^^^^^^^^^^^^^^^^^^^^^^^^^^^^^^^^^^^^^^^^^^^^^^^^^^^^^^^^^^^^^
   9 | import type { ColumnBlock, ParagraphBlock, YoutubeBlock } from '../../../lib/columns/types';
  10 | import { extractYouTubeId, youtubeThumbnailUrl } from '../../../lib/youtube';
  11 |

The export hasHighlight was not found in module [project]/app/lib/columns/inline.ts [app-client] (ecmascript).
Did you mean to import inlineToPlainText?
All exports of the module are statically known (It doesn't have dynamic exports). So it's known statically that the requested export doesn't exist.

Import traces:
  Client Component Browser:
    ./app/admin/components/BlockEditorItem/BlockEditorItem.tsx [Client Component Browser]
    ./app/admin/components/BlockEditor/BlockEditor.tsx [Client Component Browser]
    ./app/admin/components/ColumnEditor/ColumnEditor.tsx [Client Component Browser]
    ./app/admin/components/ColumnEditor/ColumnEditor.tsx [Server Component]
    ./app/admin/(protected)/columns/[id]/edit/page.tsx [Server Component]

  Client Component SSR:
    ./app/admin/components/BlockEditorItem/BlockEditorItem.tsx [Client Component SSR]
    ./app/admin/components/BlockEditor/BlockEditor.tsx [Client Component SSR]
    ./app/admin/components/ColumnEditor/ColumnEditor.tsx [Client Component SSR]
    ./app/admin/components/ColumnEditor/ColumnEditor.tsx [Server Component]
    ./app/admin/(protected)/columns/[id]/edit/page.tsx [Server Component] @ http://localhost:3000/_next/static/chunks/node_modules_next_dist_f3530cac._.js:3127
[ -360390ms] [ERROR] ./app/admin/components/BlockEditorItem/BlockEditorItem.tsx:8:1
Export hasHighlight doesn't exist in target module
   6 | import ImageUploadField from '../ImageUploadField';
   7 | import { COLUMN_LIMITS } from '../../../lib/columns/constants';
>  8 | import { hasHighlight, parseInlineText, toggleHighlight } from '../../../lib/columns/inline';
     | ^^^^^^^^^^^^^^^^^^^^^^^^^^^^^^^^^^^^^^^^^^^^^^^^^^^^^^^^^^^^^^^^^^^^^^^^^^^^^^^^^^^^^^^^^^^^^
   9 | import type { ColumnBlock, ParagraphBlock, YoutubeBlock } from '../../../lib/columns/types';
  10 | import { extractYouTubeId, youtubeThumbnailUrl } from '../../../lib/youtube';
  11 |

The export hasHighlight was not found in module [project]/app/lib/columns/inline.ts [app-ssr] (ecmascript).
Did you mean to import inlineToPlainText?
All exports of the module are statically known (It doesn't have dynamic exports). So it's known statically that the requested export doesn't exist.

Import traces:
  Client Component Browser:
    ./app/admin/components/BlockEditorItem/BlockEditorItem.tsx [Client Component Browser]
    ./app/admin/components/BlockEditor/BlockEditor.tsx [Client Component Browser]
    ./app/admin/components/ColumnEditor/ColumnEditor.tsx [Client Component Browser]
    ./app/admin/components/ColumnEditor/ColumnEditor.tsx [Server Component]
    ./app/admin/(protected)/columns/[id]/edit/page.tsx [Server Component]

  Client Component SSR:
    ./app/admin/components/BlockEditorItem/BlockEditorItem.tsx [Client Component SSR]
    ./app/admin/components/BlockEditor/BlockEditor.tsx [Client Component SSR]
    ./app/admin/components/ColumnEditor/ColumnEditor.tsx [Client Component SSR]
    ./app/admin/components/ColumnEditor/ColumnEditor.tsx [Server Component]
    ./app/admin/(protected)/columns/[id]/edit/page.tsx [Server Component] @ http://localhost:3000/_next/static/chunks/node_modules_next_dist_f3530cac._.js:3127
[ -360390ms] [ERROR] ./app/admin/components/BlockEditorItem/BlockEditorItem.tsx:8:1
Export parseInlineText doesn't exist in target module
   6 | import ImageUploadField from '../ImageUploadField';
   7 | import { COLUMN_LIMITS } from '../../../lib/columns/constants';
>  8 | import { hasHighlight, parseInlineText, toggleHighlight } from '../../../lib/columns/inline';
     | ^^^^^^^^^^^^^^^^^^^^^^^^^^^^^^^^^^^^^^^^^^^^^^^^^^^^^^^^^^^^^^^^^^^^^^^^^^^^^^^^^^^^^^^^^^^^^
   9 | import type { ColumnBlock, ParagraphBlock, YoutubeBlock } from '../../../lib/columns/types';
  10 | import { extractYouTubeId, youtubeThumbnailUrl } from '../../../lib/youtube';
  11 |

The export parseInlineText was not found in module [project]/app/lib/columns/inline.ts [app-client] (ecmascript).
Did you mean to import parseInlineContent?
All exports of the module are statically known (It doesn't have dynamic exports). So it's known statically that the requested export doesn't exist.

Import traces:
  Client Component Browser:
    ./app/admin/components/BlockEditorItem/BlockEditorItem.tsx [Client Component Browser]
    ./app/admin/components/BlockEditor/BlockEditor.tsx [Client Component Browser]
    ./app/admin/components/ColumnEditor/ColumnEditor.tsx [Client Component Browser]
    ./app/admin/components/ColumnEditor/ColumnEditor.tsx [Server Component]
    ./app/admin/(protected)/columns/[id]/edit/page.tsx [Server Component]

  Client Component SSR:
    ./app/admin/components/BlockEditorItem/BlockEditorItem.tsx [Client Component SSR]
    ./app/admin/components/BlockEditor/BlockEditor.tsx [Client Component SSR]
    ./app/admin/components/ColumnEditor/ColumnEditor.tsx [Client Component SSR]
    ./app/admin/components/ColumnEditor/ColumnEditor.tsx [Server Component]
    ./app/admin/(protected)/columns/[id]/edit/page.tsx [Server Component] @ http://localhost:3000/_next/static/chunks/node_modules_next_dist_f3530cac._.js:3127
[ -360390ms] [ERROR] ./app/admin/components/BlockEditorItem/BlockEditorItem.tsx:8:1
Export parseInlineText doesn't exist in target module
   6 | import ImageUploadField from '../ImageUploadField';
   7 | import { COLUMN_LIMITS } from '../../../lib/columns/constants';
>  8 | import { hasHighlight, parseInlineText, toggleHighlight } from '../../../lib/columns/inline';
     | ^^^^^^^^^^^^^^^^^^^^^^^^^^^^^^^^^^^^^^^^^^^^^^^^^^^^^^^^^^^^^^^^^^^^^^^^^^^^^^^^^^^^^^^^^^^^^
   9 | import type { ColumnBlock, ParagraphBlock, YoutubeBlock } from '../../../lib/columns/types';
  10 | import { extractYouTubeId, youtubeThumbnailUrl } from '../../../lib/youtube';
  11 |

The export parseInlineText was not found in module [project]/app/lib/columns/inline.ts [app-ssr] (ecmascript).
Did you mean to import parseInlineContent?
All exports of the module are statically known (It doesn't have dynamic exports). So it's known statically that the requested export doesn't exist.

Import traces:
  Client Component Browser:
    ./app/admin/components/BlockEditorItem/BlockEditorItem.tsx [Client Component Browser]
    ./app/admin/components/BlockEditor/BlockEditor.tsx [Client Component Browser]
    ./app/admin/components/ColumnEditor/ColumnEditor.tsx [Client Component Browser]
    ./app/admin/components/ColumnEditor/ColumnEditor.tsx [Server Component]
    ./app/admin/(protected)/columns/[id]/edit/page.tsx [Server Component]

  Client Component SSR:
    ./app/admin/components/BlockEditorItem/BlockEditorItem.tsx [Client Component SSR]
    ./app/admin/components/BlockEditor/BlockEditor.tsx [Client Component SSR]
    ./app/admin/components/ColumnEditor/ColumnEditor.tsx [Client Component SSR]
    ./app/admin/components/ColumnEditor/ColumnEditor.tsx [Server Component]
    ./app/admin/(protected)/columns/[id]/edit/page.tsx [Server Component] @ http://localhost:3000/_next/static/chunks/node_modules_next_dist_f3530cac._.js:3127
[ -360390ms] [ERROR] ./app/admin/components/BlockEditorItem/BlockEditorItem.tsx:8:1
Export toggleHighlight doesn't exist in target module
   6 | import ImageUploadField from '../ImageUploadField';
   7 | import { COLUMN_LIMITS } from '../../../lib/columns/constants';
>  8 | import { hasHighlight, parseInlineText, toggleHighlight } from '../../../lib/columns/inline';
     | ^^^^^^^^^^^^^^^^^^^^^^^^^^^^^^^^^^^^^^^^^^^^^^^^^^^^^^^^^^^^^^^^^^^^^^^^^^^^^^^^^^^^^^^^^^^^^
   9 | import type { ColumnBlock, ParagraphBlock, YoutubeBlock } from '../../../lib/columns/types';
  10 | import { extractYouTubeId, youtubeThumbnailUrl } from '../../../lib/youtube';
  11 |

The export toggleHighlight was not found in module [project]/app/lib/columns/inline.ts [app-client] (ecmascript).
Did you mean to import inlineToPlainText?
All exports of the module are statically known (It doesn't have dynamic exports). So it's known statically that the requested export doesn't exist.

Import traces:
  Client Component Browser:
    ./app/admin/components/BlockEditorItem/BlockEditorItem.tsx [Client Component Browser]
    ./app/admin/components/BlockEditor/BlockEditor.tsx [Client Component Browser]
    ./app/admin/components/ColumnEditor/ColumnEditor.tsx [Client Component Browser]
    ./app/admin/components/ColumnEditor/ColumnEditor.tsx [Server Component]
    ./app/admin/(protected)/columns/[id]/edit/page.tsx [Server Component]

  Client Component SSR:
    ./app/admin/components/BlockEditorItem/BlockEditorItem.tsx [Client Component SSR]
    ./app/admin/components/BlockEditor/BlockEditor.tsx [Client Component SSR]
    ./app/admin/components/ColumnEditor/ColumnEditor.tsx [Client Component SSR]
    ./app/admin/components/ColumnEditor/ColumnEditor.tsx [Server Component]
    ./app/admin/(protected)/columns/[id]/edit/page.tsx [Server Component] @ http://localhost:3000/_next/static/chunks/node_modules_next_dist_f3530cac._.js:3127
[ -360390ms] [ERROR] ./app/admin/components/BlockEditorItem/BlockEditorItem.tsx:8:1
Export toggleHighlight doesn't exist in target module
   6 | import ImageUploadField from '../ImageUploadField';
   7 | import { COLUMN_LIMITS } from '../../../lib/columns/constants';
>  8 | import { hasHighlight, parseInlineText, toggleHighlight } from '../../../lib/columns/inline';
     | ^^^^^^^^^^^^^^^^^^^^^^^^^^^^^^^^^^^^^^^^^^^^^^^^^^^^^^^^^^^^^^^^^^^^^^^^^^^^^^^^^^^^^^^^^^^^^
   9 | import type { ColumnBlock, ParagraphBlock, YoutubeBlock } from '../../../lib/columns/types';
  10 | import { extractYouTubeId, youtubeThumbnailUrl } from '../../../lib/youtube';
  11 |

The export toggleHighlight was not found in module [project]/app/lib/columns/inline.ts [app-ssr] (ecmascript).
Did you mean to import inlineToPlainText?
All exports of the module are statically known (It doesn't have dynamic exports). So it's known statically that the requested export doesn't exist.

Import traces:
  Client Component Browser:
    ./app/admin/components/BlockEditorItem/BlockEditorItem.tsx [Client Component Browser]
    ./app/admin/components/BlockEditor/BlockEditor.tsx [Client Component Browser]
    ./app/admin/components/ColumnEditor/ColumnEditor.tsx [Client Component Browser]
    ./app/admin/components/ColumnEditor/ColumnEditor.tsx [Server Component]
    ./app/admin/(protected)/columns/[id]/edit/page.tsx [Server Component]

  Client Component SSR:
    ./app/admin/components/BlockEditorItem/BlockEditorItem.tsx [Client Component SSR]
    ./app/admin/components/BlockEditor/BlockEditor.tsx [Client Component SSR]
    ./app/admin/components/ColumnEditor/ColumnEditor.tsx [Client Component SSR]
    ./app/admin/components/ColumnEditor/ColumnEditor.tsx [Server Component]
    ./app/admin/(protected)/columns/[id]/edit/page.tsx [Server Component] @ http://localhost:3000/_next/static/chunks/node_modules_next_dist_f3530cac._.js:3127
[ -360343ms] [LOG] [Fast Refresh] rebuilding @ http://localhost:3000/_next/static/chunks/node_modules_next_dist_f3530cac._.js:2297
[ -355305ms] [ERROR] ./app/column/components/BlockRenderer/BlockRenderer.tsx:5:1
Export parseInlineText doesn't exist in target module
  3 | import styles from './BlockRenderer.module.css';
  4 | import LiteYouTube from '../LiteYouTube';
> 5 | import { parseInlineText } from '../../../lib/columns/inline';
    | ^^^^^^^^^^^^^^^^^^^^^^^^^^^^^^^^^^^^^^^^^^^^^^^^^^^^^^^^^^^^^^
  6 | import type { ColumnBlock } from '../../../lib/columns/types';
  7 |
  8 | const FALLBACK_WIDTH = 1200;

The export parseInlineText was not found in module [project]/app/lib/columns/inline.ts [app-rsc] (ecmascript).
Did you mean to import parseInlineContent?
All exports of the module are statically known (It doesn't have dynamic exports). So it's known statically that the requested export doesn't exist.

Import trace:
  Server Component:
    ./app/column/components/BlockRenderer/BlockRenderer.tsx
    ./app/column/[slug]/page.tsx @ http://localhost:3000/_next/static/chunks/node_modules_next_dist_f3530cac._.js:3127
[ -355304ms] [ERROR] ./app/admin/components/BlockEditorItem/BlockEditorItem.tsx:8:1
Export hasHighlight doesn't exist in target module
   6 | import ImageUploadField from '../ImageUploadField';
   7 | import { COLUMN_LIMITS } from '../../../lib/columns/constants';
>  8 | import { hasHighlight, parseInlineText, toggleHighlight } from '../../../lib/columns/inline';
     | ^^^^^^^^^^^^^^^^^^^^^^^^^^^^^^^^^^^^^^^^^^^^^^^^^^^^^^^^^^^^^^^^^^^^^^^^^^^^^^^^^^^^^^^^^^^^^
   9 | import type { ColumnBlock, ParagraphBlock, YoutubeBlock } from '../../../lib/columns/types';
  10 | import { extractYouTubeId, youtubeThumbnailUrl } from '../../../lib/youtube';
  11 |

The export hasHighlight was not found in module [project]/app/lib/columns/inline.ts [app-client] (ecmascript).
Did you mean to import inlineToPlainText?
All exports of the module are statically known (It doesn't have dynamic exports). So it's known statically that the requested export doesn't exist.

Import traces:
  Client Component Browser:
    ./app/admin/components/BlockEditorItem/BlockEditorItem.tsx [Client Component Browser]
    ./app/admin/components/BlockEditor/BlockEditor.tsx [Client Component Browser]
    ./app/admin/components/ColumnEditor/ColumnEditor.tsx [Client Component Browser]
    ./app/admin/components/ColumnEditor/ColumnEditor.tsx [Server Component]
    ./app/admin/(protected)/columns/[id]/edit/page.tsx [Server Component]

  Client Component SSR:
    ./app/admin/components/BlockEditorItem/BlockEditorItem.tsx [Client Component SSR]
    ./app/admin/components/BlockEditor/BlockEditor.tsx [Client Component SSR]
    ./app/admin/components/ColumnEditor/ColumnEditor.tsx [Client Component SSR]
    ./app/admin/components/ColumnEditor/ColumnEditor.tsx [Server Component]
    ./app/admin/(protected)/columns/[id]/edit/page.tsx [Server Component] @ http://localhost:3000/_next/static/chunks/node_modules_next_dist_f3530cac._.js:3127
[ -355304ms] [ERROR] ./app/admin/components/BlockEditorItem/BlockEditorItem.tsx:8:1
Export hasHighlight doesn't exist in target module
   6 | import ImageUploadField from '../ImageUploadField';
   7 | import { COLUMN_LIMITS } from '../../../lib/columns/constants';
>  8 | import { hasHighlight, parseInlineText, toggleHighlight } from '../../../lib/columns/inline';
     | ^^^^^^^^^^^^^^^^^^^^^^^^^^^^^^^^^^^^^^^^^^^^^^^^^^^^^^^^^^^^^^^^^^^^^^^^^^^^^^^^^^^^^^^^^^^^^
   9 | import type { ColumnBlock, ParagraphBlock, YoutubeBlock } from '../../../lib/columns/types';
  10 | import { extractYouTubeId, youtubeThumbnailUrl } from '../../../lib/youtube';
  11 |

The export hasHighlight was not found in module [project]/app/lib/columns/inline.ts [app-ssr] (ecmascript).
Did you mean to import inlineToPlainText?
All exports of the module are statically known (It doesn't have dynamic exports). So it's known statically that the requested export doesn't exist.

Import traces:
  Client Component Browser:
    ./app/admin/components/BlockEditorItem/BlockEditorItem.tsx [Client Component Browser]
    ./app/admin/components/BlockEditor/BlockEditor.tsx [Client Component Browser]
    ./app/admin/components/ColumnEditor/ColumnEditor.tsx [Client Component Browser]
    ./app/admin/components/ColumnEditor/ColumnEditor.tsx [Server Component]
    ./app/admin/(protected)/columns/[id]/edit/page.tsx [Server Component]

  Client Component SSR:
    ./app/admin/components/BlockEditorItem/BlockEditorItem.tsx [Client Component SSR]
    ./app/admin/components/BlockEditor/BlockEditor.tsx [Client Component SSR]
    ./app/admin/components/ColumnEditor/ColumnEditor.tsx [Client Component SSR]
    ./app/admin/components/ColumnEditor/ColumnEditor.tsx [Server Component]
    ./app/admin/(protected)/columns/[id]/edit/page.tsx [Server Component] @ http://localhost:3000/_next/static/chunks/node_modules_next_dist_f3530cac._.js:3127
[ -355304ms] [ERROR] ./app/admin/components/BlockEditorItem/BlockEditorItem.tsx:8:1
Export parseInlineText doesn't exist in target module
   6 | import ImageUploadField from '../ImageUploadField';
   7 | import { COLUMN_LIMITS } from '../../../lib/columns/constants';
>  8 | import { hasHighlight, parseInlineText, toggleHighlight } from '../../../lib/columns/inline';
     | ^^^^^^^^^^^^^^^^^^^^^^^^^^^^^^^^^^^^^^^^^^^^^^^^^^^^^^^^^^^^^^^^^^^^^^^^^^^^^^^^^^^^^^^^^^^^^
   9 | import type { ColumnBlock, ParagraphBlock, YoutubeBlock } from '../../../lib/columns/types';
  10 | import { extractYouTubeId, youtubeThumbnailUrl } from '../../../lib/youtube';
  11 |

The export parseInlineText was not found in module [project]/app/lib/columns/inline.ts [app-client] (ecmascript).
Did you mean to import parseInlineContent?
All exports of the module are statically known (It doesn't have dynamic exports). So it's known statically that the requested export doesn't exist.

Import traces:
  Client Component Browser:
    ./app/admin/components/BlockEditorItem/BlockEditorItem.tsx [Client Component Browser]
    ./app/admin/components/BlockEditor/BlockEditor.tsx [Client Component Browser]
    ./app/admin/components/ColumnEditor/ColumnEditor.tsx [Client Component Browser]
    ./app/admin/components/ColumnEditor/ColumnEditor.tsx [Server Component]
    ./app/admin/(protected)/columns/[id]/edit/page.tsx [Server Component]

  Client Component SSR:
    ./app/admin/components/BlockEditorItem/BlockEditorItem.tsx [Client Component SSR]
    ./app/admin/components/BlockEditor/BlockEditor.tsx [Client Component SSR]
    ./app/admin/components/ColumnEditor/ColumnEditor.tsx [Client Component SSR]
    ./app/admin/components/ColumnEditor/ColumnEditor.tsx [Server Component]
    ./app/admin/(protected)/columns/[id]/edit/page.tsx [Server Component] @ http://localhost:3000/_next/static/chunks/node_modules_next_dist_f3530cac._.js:3127
[ -355304ms] [ERROR] ./app/admin/components/BlockEditorItem/BlockEditorItem.tsx:8:1
Export parseInlineText doesn't exist in target module
   6 | import ImageUploadField from '../ImageUploadField';
   7 | import { COLUMN_LIMITS } from '../../../lib/columns/constants';
>  8 | import { hasHighlight, parseInlineText, toggleHighlight } from '../../../lib/columns/inline';
     | ^^^^^^^^^^^^^^^^^^^^^^^^^^^^^^^^^^^^^^^^^^^^^^^^^^^^^^^^^^^^^^^^^^^^^^^^^^^^^^^^^^^^^^^^^^^^^
   9 | import type { ColumnBlock, ParagraphBlock, YoutubeBlock } from '../../../lib/columns/types';
  10 | import { extractYouTubeId, youtubeThumbnailUrl } from '../../../lib/youtube';
  11 |

The export parseInlineText was not found in module [project]/app/lib/columns/inline.ts [app-ssr] (ecmascript).
Did you mean to import parseInlineContent?
All exports of the module are statically known (It doesn't have dynamic exports). So it's known statically that the requested export doesn't exist.

Import traces:
  Client Component Browser:
    ./app/admin/components/BlockEditorItem/BlockEditorItem.tsx [Client Component Browser]
    ./app/admin/components/BlockEditor/BlockEditor.tsx [Client Component Browser]
    ./app/admin/components/ColumnEditor/ColumnEditor.tsx [Client Component Browser]
    ./app/admin/components/ColumnEditor/ColumnEditor.tsx [Server Component]
    ./app/admin/(protected)/columns/[id]/edit/page.tsx [Server Component]

  Client Component SSR:
    ./app/admin/components/BlockEditorItem/BlockEditorItem.tsx [Client Component SSR]
    ./app/admin/components/BlockEditor/BlockEditor.tsx [Client Component SSR]
    ./app/admin/components/ColumnEditor/ColumnEditor.tsx [Client Component SSR]
    ./app/admin/components/ColumnEditor/ColumnEditor.tsx [Server Component]
    ./app/admin/(protected)/columns/[id]/edit/page.tsx [Server Component] @ http://localhost:3000/_next/static/chunks/node_modules_next_dist_f3530cac._.js:3127
[ -355304ms] [ERROR] ./app/admin/components/BlockEditorItem/BlockEditorItem.tsx:8:1
Export toggleHighlight doesn't exist in target module
   6 | import ImageUploadField from '../ImageUploadField';
   7 | import { COLUMN_LIMITS } from '../../../lib/columns/constants';
>  8 | import { hasHighlight, parseInlineText, toggleHighlight } from '../../../lib/columns/inline';
     | ^^^^^^^^^^^^^^^^^^^^^^^^^^^^^^^^^^^^^^^^^^^^^^^^^^^^^^^^^^^^^^^^^^^^^^^^^^^^^^^^^^^^^^^^^^^^^
   9 | import type { ColumnBlock, ParagraphBlock, YoutubeBlock } from '../../../lib/columns/types';
  10 | import { extractYouTubeId, youtubeThumbnailUrl } from '../../../lib/youtube';
  11 |

The export toggleHighlight was not found in module [project]/app/lib/columns/inline.ts [app-client] (ecmascript).
Did you mean to import inlineToPlainText?
All exports of the module are statically known (It doesn't have dynamic exports). So it's known statically that the requested export doesn't exist.

Import traces:
  Client Component Browser:
    ./app/admin/components/BlockEditorItem/BlockEditorItem.tsx [Client Component Browser]
    ./app/admin/components/BlockEditor/BlockEditor.tsx [Client Component Browser]
    ./app/admin/components/ColumnEditor/ColumnEditor.tsx [Client Component Browser]
    ./app/admin/components/ColumnEditor/ColumnEditor.tsx [Server Component]
    ./app/admin/(protected)/columns/[id]/edit/page.tsx [Server Component]

  Client Component SSR:
    ./app/admin/components/BlockEditorItem/BlockEditorItem.tsx [Client Component SSR]
    ./app/admin/components/BlockEditor/BlockEditor.tsx [Client Component SSR]
    ./app/admin/components/ColumnEditor/ColumnEditor.tsx [Client Component SSR]
    ./app/admin/components/ColumnEditor/ColumnEditor.tsx [Server Component]
    ./app/admin/(protected)/columns/[id]/edit/page.tsx [Server Component] @ http://localhost:3000/_next/static/chunks/node_modules_next_dist_f3530cac._.js:3127
[ -355304ms] [ERROR] ./app/admin/components/BlockEditorItem/BlockEditorItem.tsx:8:1
Export toggleHighlight doesn't exist in target module
   6 | import ImageUploadField from '../ImageUploadField';
   7 | import { COLUMN_LIMITS } from '../../../lib/columns/constants';
>  8 | import { hasHighlight, parseInlineText, toggleHighlight } from '../../../lib/columns/inline';
     | ^^^^^^^^^^^^^^^^^^^^^^^^^^^^^^^^^^^^^^^^^^^^^^^^^^^^^^^^^^^^^^^^^^^^^^^^^^^^^^^^^^^^^^^^^^^^^
   9 | import type { ColumnBlock, ParagraphBlock, YoutubeBlock } from '../../../lib/columns/types';
  10 | import { extractYouTubeId, youtubeThumbnailUrl } from '../../../lib/youtube';
  11 |

The export toggleHighlight was not found in module [project]/app/lib/columns/inline.ts [app-ssr] (ecmascript).
Did you mean to import inlineToPlainText?
All exports of the module are statically known (It doesn't have dynamic exports). So it's known statically that the requested export doesn't exist.

Import traces:
  Client Component Browser:
    ./app/admin/components/BlockEditorItem/BlockEditorItem.tsx [Client Component Browser]
    ./app/admin/components/BlockEditor/BlockEditor.tsx [Client Component Browser]
    ./app/admin/components/ColumnEditor/ColumnEditor.tsx [Client Component Browser]
    ./app/admin/components/ColumnEditor/ColumnEditor.tsx [Server Component]
    ./app/admin/(protected)/columns/[id]/edit/page.tsx [Server Component]

  Client Component SSR:
    ./app/admin/components/BlockEditorItem/BlockEditorItem.tsx [Client Component SSR]
    ./app/admin/components/BlockEditor/BlockEditor.tsx [Client Component SSR]
    ./app/admin/components/ColumnEditor/ColumnEditor.tsx [Client Component SSR]
    ./app/admin/components/ColumnEditor/ColumnEditor.tsx [Server Component]
    ./app/admin/(protected)/columns/[id]/edit/page.tsx [Server Component] @ http://localhost:3000/_next/static/chunks/node_modules_next_dist_f3530cac._.js:3127
[ -355295ms] [LOG] [Fast Refresh] rebuilding @ http://localhost:3000/_next/static/chunks/node_modules_next_dist_f3530cac._.js:2297
[ -349476ms] [ERROR] ./app/column/components/BlockRenderer/BlockRenderer.tsx:5:1
Export parseInlineText doesn't exist in target module
  3 | import styles from './BlockRenderer.module.css';
  4 | import LiteYouTube from '../LiteYouTube';
> 5 | import { parseInlineText } from '../../../lib/columns/inline';
    | ^^^^^^^^^^^^^^^^^^^^^^^^^^^^^^^^^^^^^^^^^^^^^^^^^^^^^^^^^^^^^^
  6 | import type { ColumnBlock } from '../../../lib/columns/types';
  7 |
  8 | const FALLBACK_WIDTH = 1200;

The export parseInlineText was not found in module [project]/app/lib/columns/inline.ts [app-rsc] (ecmascript).
Did you mean to import parseInlineContent?
All exports of the module are statically known (It doesn't have dynamic exports). So it's known statically that the requested export doesn't exist.

Import trace:
  Server Component:
    ./app/column/components/BlockRenderer/BlockRenderer.tsx
    ./app/column/[slug]/page.tsx @ http://localhost:3000/_next/static/chunks/node_modules_next_dist_f3530cac._.js:3127
[ -349476ms] [ERROR] ./app/admin/components/BlockEditorItem/BlockEditorItem.tsx:8:1
Export hasHighlight doesn't exist in target module
   6 | import ImageUploadField from '../ImageUploadField';
   7 | import { COLUMN_LIMITS } from '../../../lib/columns/constants';
>  8 | import { hasHighlight, parseInlineText, toggleHighlight } from '../../../lib/columns/inline';
     | ^^^^^^^^^^^^^^^^^^^^^^^^^^^^^^^^^^^^^^^^^^^^^^^^^^^^^^^^^^^^^^^^^^^^^^^^^^^^^^^^^^^^^^^^^^^^^
   9 | import type { ColumnBlock, ParagraphBlock, YoutubeBlock } from '../../../lib/columns/types';
  10 | import { extractYouTubeId, youtubeThumbnailUrl } from '../../../lib/youtube';
  11 |

The export hasHighlight was not found in module [project]/app/lib/columns/inline.ts [app-client] (ecmascript).
Did you mean to import inlineToPlainText?
All exports of the module are statically known (It doesn't have dynamic exports). So it's known statically that the requested export doesn't exist.

Import traces:
  Client Component Browser:
    ./app/admin/components/BlockEditorItem/BlockEditorItem.tsx [Client Component Browser]
    ./app/admin/components/BlockEditor/BlockEditor.tsx [Client Component Browser]
    ./app/admin/components/ColumnEditor/ColumnEditor.tsx [Client Component Browser]
    ./app/admin/components/ColumnEditor/ColumnEditor.tsx [Server Component]
    ./app/admin/(protected)/columns/[id]/edit/page.tsx [Server Component]

  Client Component SSR:
    ./app/admin/components/BlockEditorItem/BlockEditorItem.tsx [Client Component SSR]
    ./app/admin/components/BlockEditor/BlockEditor.tsx [Client Component SSR]
    ./app/admin/components/ColumnEditor/ColumnEditor.tsx [Client Component SSR]
    ./app/admin/components/ColumnEditor/ColumnEditor.tsx [Server Component]
    ./app/admin/(protected)/columns/[id]/edit/page.tsx [Server Component] @ http://localhost:3000/_next/static/chunks/node_modules_next_dist_f3530cac._.js:3127
[ -349476ms] [ERROR] ./app/admin/components/BlockEditorItem/BlockEditorItem.tsx:8:1
Export hasHighlight doesn't exist in target module
   6 | import ImageUploadField from '../ImageUploadField';
   7 | import { COLUMN_LIMITS } from '../../../lib/columns/constants';
>  8 | import { hasHighlight, parseInlineText, toggleHighlight } from '../../../lib/columns/inline';
     | ^^^^^^^^^^^^^^^^^^^^^^^^^^^^^^^^^^^^^^^^^^^^^^^^^^^^^^^^^^^^^^^^^^^^^^^^^^^^^^^^^^^^^^^^^^^^^
   9 | import type { ColumnBlock, ParagraphBlock, YoutubeBlock } from '../../../lib/columns/types';
  10 | import { extractYouTubeId, youtubeThumbnailUrl } from '../../../lib/youtube';
  11 |

The export hasHighlight was not found in module [project]/app/lib/columns/inline.ts [app-ssr] (ecmascript).
Did you mean to import inlineToPlainText?
All exports of the module are statically known (It doesn't have dynamic exports). So it's known statically that the requested export doesn't exist.

Import traces:
  Client Component Browser:
    ./app/admin/components/BlockEditorItem/BlockEditorItem.tsx [Client Component Browser]
    ./app/admin/components/BlockEditor/BlockEditor.tsx [Client Component Browser]
    ./app/admin/components/ColumnEditor/ColumnEditor.tsx [Client Component Browser]
    ./app/admin/components/ColumnEditor/ColumnEditor.tsx [Server Component]
    ./app/admin/(protected)/columns/[id]/edit/page.tsx [Server Component]

  Client Component SSR:
    ./app/admin/components/BlockEditorItem/BlockEditorItem.tsx [Client Component SSR]
    ./app/admin/components/BlockEditor/BlockEditor.tsx [Client Component SSR]
    ./app/admin/components/ColumnEditor/ColumnEditor.tsx [Client Component SSR]
    ./app/admin/components/ColumnEditor/ColumnEditor.tsx [Server Component]
    ./app/admin/(protected)/columns/[id]/edit/page.tsx [Server Component] @ http://localhost:3000/_next/static/chunks/node_modules_next_dist_f3530cac._.js:3127
[ -349476ms] [ERROR] ./app/admin/components/BlockEditorItem/BlockEditorItem.tsx:8:1
Export parseInlineText doesn't exist in target module
   6 | import ImageUploadField from '../ImageUploadField';
   7 | import { COLUMN_LIMITS } from '../../../lib/columns/constants';
>  8 | import { hasHighlight, parseInlineText, toggleHighlight } from '../../../lib/columns/inline';
     | ^^^^^^^^^^^^^^^^^^^^^^^^^^^^^^^^^^^^^^^^^^^^^^^^^^^^^^^^^^^^^^^^^^^^^^^^^^^^^^^^^^^^^^^^^^^^^
   9 | import type { ColumnBlock, ParagraphBlock, YoutubeBlock } from '../../../lib/columns/types';
  10 | import { extractYouTubeId, youtubeThumbnailUrl } from '../../../lib/youtube';
  11 |

The export parseInlineText was not found in module [project]/app/lib/columns/inline.ts [app-client] (ecmascript).
Did you mean to import parseInlineContent?
All exports of the module are statically known (It doesn't have dynamic exports). So it's known statically that the requested export doesn't exist.

Import traces:
  Client Component Browser:
    ./app/admin/components/BlockEditorItem/BlockEditorItem.tsx [Client Component Browser]
    ./app/admin/components/BlockEditor/BlockEditor.tsx [Client Component Browser]
    ./app/admin/components/ColumnEditor/ColumnEditor.tsx [Client Component Browser]
    ./app/admin/components/ColumnEditor/ColumnEditor.tsx [Server Component]
    ./app/admin/(protected)/columns/[id]/edit/page.tsx [Server Component]

  Client Component SSR:
    ./app/admin/components/BlockEditorItem/BlockEditorItem.tsx [Client Component SSR]
    ./app/admin/components/BlockEditor/BlockEditor.tsx [Client Component SSR]
    ./app/admin/components/ColumnEditor/ColumnEditor.tsx [Client Component SSR]
    ./app/admin/components/ColumnEditor/ColumnEditor.tsx [Server Component]
    ./app/admin/(protected)/columns/[id]/edit/page.tsx [Server Component] @ http://localhost:3000/_next/static/chunks/node_modules_next_dist_f3530cac._.js:3127
[ -349476ms] [ERROR] ./app/admin/components/BlockEditorItem/BlockEditorItem.tsx:8:1
Export parseInlineText doesn't exist in target module
   6 | import ImageUploadField from '../ImageUploadField';
   7 | import { COLUMN_LIMITS } from '../../../lib/columns/constants';
>  8 | import { hasHighlight, parseInlineText, toggleHighlight } from '../../../lib/columns/inline';
     | ^^^^^^^^^^^^^^^^^^^^^^^^^^^^^^^^^^^^^^^^^^^^^^^^^^^^^^^^^^^^^^^^^^^^^^^^^^^^^^^^^^^^^^^^^^^^^
   9 | import type { ColumnBlock, ParagraphBlock, YoutubeBlock } from '../../../lib/columns/types';
  10 | import { extractYouTubeId, youtubeThumbnailUrl } from '../../../lib/youtube';
  11 |

The export parseInlineText was not found in module [project]/app/lib/columns/inline.ts [app-ssr] (ecmascript).
Did you mean to import parseInlineContent?
All exports of the module are statically known (It doesn't have dynamic exports). So it's known statically that the requested export doesn't exist.

Import traces:
  Client Component Browser:
    ./app/admin/components/BlockEditorItem/BlockEditorItem.tsx [Client Component Browser]
    ./app/admin/components/BlockEditor/BlockEditor.tsx [Client Component Browser]
    ./app/admin/components/ColumnEditor/ColumnEditor.tsx [Client Component Browser]
    ./app/admin/components/ColumnEditor/ColumnEditor.tsx [Server Component]
    ./app/admin/(protected)/columns/[id]/edit/page.tsx [Server Component]

  Client Component SSR:
    ./app/admin/components/BlockEditorItem/BlockEditorItem.tsx [Client Component SSR]
    ./app/admin/components/BlockEditor/BlockEditor.tsx [Client Component SSR]
    ./app/admin/components/ColumnEditor/ColumnEditor.tsx [Client Component SSR]
    ./app/admin/components/ColumnEditor/ColumnEditor.tsx [Server Component]
    ./app/admin/(protected)/columns/[id]/edit/page.tsx [Server Component] @ http://localhost:3000/_next/static/chunks/node_modules_next_dist_f3530cac._.js:3127
[ -349476ms] [ERROR] ./app/admin/components/BlockEditorItem/BlockEditorItem.tsx:8:1
Export toggleHighlight doesn't exist in target module
   6 | import ImageUploadField from '../ImageUploadField';
   7 | import { COLUMN_LIMITS } from '../../../lib/columns/constants';
>  8 | import { hasHighlight, parseInlineText, toggleHighlight } from '../../../lib/columns/inline';
     | ^^^^^^^^^^^^^^^^^^^^^^^^^^^^^^^^^^^^^^^^^^^^^^^^^^^^^^^^^^^^^^^^^^^^^^^^^^^^^^^^^^^^^^^^^^^^^
   9 | import type { ColumnBlock, ParagraphBlock, YoutubeBlock } from '../../../lib/columns/types';
  10 | import { extractYouTubeId, youtubeThumbnailUrl } from '../../../lib/youtube';
  11 |

The export toggleHighlight was not found in module [project]/app/lib/columns/inline.ts [app-client] (ecmascript).
Did you mean to import inlineToPlainText?
All exports of the module are statically known (It doesn't have dynamic exports). So it's known statically that the requested export doesn't exist.

Import traces:
  Client Component Browser:
    ./app/admin/components/BlockEditorItem/BlockEditorItem.tsx [Client Component Browser]
    ./app/admin/components/BlockEditor/BlockEditor.tsx [Client Component Browser]
    ./app/admin/components/ColumnEditor/ColumnEditor.tsx [Client Component Browser]
    ./app/admin/components/ColumnEditor/ColumnEditor.tsx [Server Component]
    ./app/admin/(protected)/columns/[id]/edit/page.tsx [Server Component]

  Client Component SSR:
    ./app/admin/components/BlockEditorItem/BlockEditorItem.tsx [Client Component SSR]
    ./app/admin/components/BlockEditor/BlockEditor.tsx [Client Component SSR]
    ./app/admin/components/ColumnEditor/ColumnEditor.tsx [Client Component SSR]
    ./app/admin/components/ColumnEditor/ColumnEditor.tsx [Server Component]
    ./app/admin/(protected)/columns/[id]/edit/page.tsx [Server Component] @ http://localhost:3000/_next/static/chunks/node_modules_next_dist_f3530cac._.js:3127
[ -349475ms] [ERROR] ./app/admin/components/BlockEditorItem/BlockEditorItem.tsx:8:1
Export toggleHighlight doesn't exist in target module
   6 | import ImageUploadField from '../ImageUploadField';
   7 | import { COLUMN_LIMITS } from '../../../lib/columns/constants';
>  8 | import { hasHighlight, parseInlineText, toggleHighlight } from '../../../lib/columns/inline';
     | ^^^^^^^^^^^^^^^^^^^^^^^^^^^^^^^^^^^^^^^^^^^^^^^^^^^^^^^^^^^^^^^^^^^^^^^^^^^^^^^^^^^^^^^^^^^^^
   9 | import type { ColumnBlock, ParagraphBlock, YoutubeBlock } from '../../../lib/columns/types';
  10 | import { extractYouTubeId, youtubeThumbnailUrl } from '../../../lib/youtube';
  11 |

The export toggleHighlight was not found in module [project]/app/lib/columns/inline.ts [app-ssr] (ecmascript).
Did you mean to import inlineToPlainText?
All exports of the module are statically known (It doesn't have dynamic exports). So it's known statically that the requested export doesn't exist.

Import traces:
  Client Component Browser:
    ./app/admin/components/BlockEditorItem/BlockEditorItem.tsx [Client Component Browser]
    ./app/admin/components/BlockEditor/BlockEditor.tsx [Client Component Browser]
    ./app/admin/components/ColumnEditor/ColumnEditor.tsx [Client Component Browser]
    ./app/admin/components/ColumnEditor/ColumnEditor.tsx [Server Component]
    ./app/admin/(protected)/columns/[id]/edit/page.tsx [Server Component]

  Client Component SSR:
    ./app/admin/components/BlockEditorItem/BlockEditorItem.tsx [Client Component SSR]
    ./app/admin/components/BlockEditor/BlockEditor.tsx [Client Component SSR]
    ./app/admin/components/ColumnEditor/ColumnEditor.tsx [Client Component SSR]
    ./app/admin/components/ColumnEditor/ColumnEditor.tsx [Server Component]
    ./app/admin/(protected)/columns/[id]/edit/page.tsx [Server Component] @ http://localhost:3000/_next/static/chunks/node_modules_next_dist_f3530cac._.js:3127
[ -349437ms] [ERROR] ./app/column/components/BlockRenderer/BlockRenderer.tsx:5:1
Export parseInlineText doesn't exist in target module
  3 | import styles from './BlockRenderer.module.css';
  4 | import LiteYouTube from '../LiteYouTube';
> 5 | import { parseInlineText } from '../../../lib/columns/inline';
    | ^^^^^^^^^^^^^^^^^^^^^^^^^^^^^^^^^^^^^^^^^^^^^^^^^^^^^^^^^^^^^^
  6 | import type { ColumnBlock } from '../../../lib/columns/types';
  7 |
  8 | const FALLBACK_WIDTH = 1200;

The export parseInlineText was not found in module [project]/app/lib/columns/inline.ts [app-rsc] (ecmascript).
Did you mean to import parseInlineContent?
All exports of the module are statically known (It doesn't have dynamic exports). So it's known statically that the requested export doesn't exist.

Import trace:
  Server Component:
    ./app/column/components/BlockRenderer/BlockRenderer.tsx
    ./app/column/[slug]/page.tsx @ http://localhost:3000/_next/static/chunks/node_modules_next_dist_f3530cac._.js:3127
[ -349436ms] [ERROR] ./app/admin/components/BlockEditorItem/BlockEditorItem.tsx:8:1
Export hasHighlight doesn't exist in target module
   6 | import ImageUploadField from '../ImageUploadField';
   7 | import { COLUMN_LIMITS } from '../../../lib/columns/constants';
>  8 | import { hasHighlight, parseInlineText, toggleHighlight } from '../../../lib/columns/inline';
     | ^^^^^^^^^^^^^^^^^^^^^^^^^^^^^^^^^^^^^^^^^^^^^^^^^^^^^^^^^^^^^^^^^^^^^^^^^^^^^^^^^^^^^^^^^^^^^
   9 | import type { ColumnBlock, ParagraphBlock, YoutubeBlock } from '../../../lib/columns/types';
  10 | import { extractYouTubeId, youtubeThumbnailUrl } from '../../../lib/youtube';
  11 |

The export hasHighlight was not found in module [project]/app/lib/columns/inline.ts [app-client] (ecmascript).
Did you mean to import inlineToPlainText?
All exports of the module are statically known (It doesn't have dynamic exports). So it's known statically that the requested export doesn't exist.

Import traces:
  Client Component Browser:
    ./app/admin/components/BlockEditorItem/BlockEditorItem.tsx [Client Component Browser]
    ./app/admin/components/BlockEditor/BlockEditor.tsx [Client Component Browser]
    ./app/admin/components/ColumnEditor/ColumnEditor.tsx [Client Component Browser]
    ./app/admin/components/ColumnEditor/ColumnEditor.tsx [Server Component]
    ./app/admin/(protected)/columns/[id]/edit/page.tsx [Server Component]

  Client Component SSR:
    ./app/admin/components/BlockEditorItem/BlockEditorItem.tsx [Client Component SSR]
    ./app/admin/components/BlockEditor/BlockEditor.tsx [Client Component SSR]
    ./app/admin/components/ColumnEditor/ColumnEditor.tsx [Client Component SSR]
    ./app/admin/components/ColumnEditor/ColumnEditor.tsx [Server Component]
    ./app/admin/(protected)/columns/[id]/edit/page.tsx [Server Component] @ http://localhost:3000/_next/static/chunks/node_modules_next_dist_f3530cac._.js:3127
[ -349436ms] [ERROR] ./app/admin/components/BlockEditorItem/BlockEditorItem.tsx:8:1
Export hasHighlight doesn't exist in target module
   6 | import ImageUploadField from '../ImageUploadField';
   7 | import { COLUMN_LIMITS } from '../../../lib/columns/constants';
>  8 | import { hasHighlight, parseInlineText, toggleHighlight } from '../../../lib/columns/inline';
     | ^^^^^^^^^^^^^^^^^^^^^^^^^^^^^^^^^^^^^^^^^^^^^^^^^^^^^^^^^^^^^^^^^^^^^^^^^^^^^^^^^^^^^^^^^^^^^
   9 | import type { ColumnBlock, ParagraphBlock, YoutubeBlock } from '../../../lib/columns/types';
  10 | import { extractYouTubeId, youtubeThumbnailUrl } from '../../../lib/youtube';
  11 |

The export hasHighlight was not found in module [project]/app/lib/columns/inline.ts [app-ssr] (ecmascript).
Did you mean to import inlineToPlainText?
All exports of the module are statically known (It doesn't have dynamic exports). So it's known statically that the requested export doesn't exist.

Import traces:
  Client Component Browser:
    ./app/admin/components/BlockEditorItem/BlockEditorItem.tsx [Client Component Browser]
    ./app/admin/components/BlockEditor/BlockEditor.tsx [Client Component Browser]
    ./app/admin/components/ColumnEditor/ColumnEditor.tsx [Client Component Browser]
    ./app/admin/components/ColumnEditor/ColumnEditor.tsx [Server Component]
    ./app/admin/(protected)/columns/[id]/edit/page.tsx [Server Component]

  Client Component SSR:
    ./app/admin/components/BlockEditorItem/BlockEditorItem.tsx [Client Component SSR]
    ./app/admin/components/BlockEditor/BlockEditor.tsx [Client Component SSR]
    ./app/admin/components/ColumnEditor/ColumnEditor.tsx [Client Component SSR]
    ./app/admin/components/ColumnEditor/ColumnEditor.tsx [Server Component]
    ./app/admin/(protected)/columns/[id]/edit/page.tsx [Server Component] @ http://localhost:3000/_next/static/chunks/node_modules_next_dist_f3530cac._.js:3127
[ -349436ms] [ERROR] ./app/admin/components/BlockEditorItem/BlockEditorItem.tsx:8:1
Export parseInlineText doesn't exist in target module
   6 | import ImageUploadField from '../ImageUploadField';
   7 | import { COLUMN_LIMITS } from '../../../lib/columns/constants';
>  8 | import { hasHighlight, parseInlineText, toggleHighlight } from '../../../lib/columns/inline';
     | ^^^^^^^^^^^^^^^^^^^^^^^^^^^^^^^^^^^^^^^^^^^^^^^^^^^^^^^^^^^^^^^^^^^^^^^^^^^^^^^^^^^^^^^^^^^^^
   9 | import type { ColumnBlock, ParagraphBlock, YoutubeBlock } from '../../../lib/columns/types';
  10 | import { extractYouTubeId, youtubeThumbnailUrl } from '../../../lib/youtube';
  11 |

The export parseInlineText was not found in module [project]/app/lib/columns/inline.ts [app-client] (ecmascript).
Did you mean to import parseInlineContent?
All exports of the module are statically known (It doesn't have dynamic exports). So it's known statically that the requested export doesn't exist.

Import traces:
  Client Component Browser:
    ./app/admin/components/BlockEditorItem/BlockEditorItem.tsx [Client Component Browser]
    ./app/admin/components/BlockEditor/BlockEditor.tsx [Client Component Browser]
    ./app/admin/components/ColumnEditor/ColumnEditor.tsx [Client Component Browser]
    ./app/admin/components/ColumnEditor/ColumnEditor.tsx [Server Component]
    ./app/admin/(protected)/columns/[id]/edit/page.tsx [Server Component]

  Client Component SSR:
    ./app/admin/components/BlockEditorItem/BlockEditorItem.tsx [Client Component SSR]
    ./app/admin/components/BlockEditor/BlockEditor.tsx [Client Component SSR]
    ./app/admin/components/ColumnEditor/ColumnEditor.tsx [Client Component SSR]
    ./app/admin/components/ColumnEditor/ColumnEditor.tsx [Server Component]
    ./app/admin/(protected)/columns/[id]/edit/page.tsx [Server Component] @ http://localhost:3000/_next/static/chunks/node_modules_next_dist_f3530cac._.js:3127
[ -349436ms] [ERROR] ./app/admin/components/BlockEditorItem/BlockEditorItem.tsx:8:1
Export parseInlineText doesn't exist in target module
   6 | import ImageUploadField from '../ImageUploadField';
   7 | import { COLUMN_LIMITS } from '../../../lib/columns/constants';
>  8 | import { hasHighlight, parseInlineText, toggleHighlight } from '../../../lib/columns/inline';
     | ^^^^^^^^^^^^^^^^^^^^^^^^^^^^^^^^^^^^^^^^^^^^^^^^^^^^^^^^^^^^^^^^^^^^^^^^^^^^^^^^^^^^^^^^^^^^^
   9 | import type { ColumnBlock, ParagraphBlock, YoutubeBlock } from '../../../lib/columns/types';
  10 | import { extractYouTubeId, youtubeThumbnailUrl } from '../../../lib/youtube';
  11 |

The export parseInlineText was not found in module [project]/app/lib/columns/inline.ts [app-ssr] (ecmascript).
Did you mean to import parseInlineContent?
All exports of the module are statically known (It doesn't have dynamic exports). So it's known statically that the requested export doesn't exist.

Import traces:
  Client Component Browser:
    ./app/admin/components/BlockEditorItem/BlockEditorItem.tsx [Client Component Browser]
    ./app/admin/components/BlockEditor/BlockEditor.tsx [Client Component Browser]
    ./app/admin/components/ColumnEditor/ColumnEditor.tsx [Client Component Browser]
    ./app/admin/components/ColumnEditor/ColumnEditor.tsx [Server Component]
    ./app/admin/(protected)/columns/[id]/edit/page.tsx [Server Component]

  Client Component SSR:
    ./app/admin/components/BlockEditorItem/BlockEditorItem.tsx [Client Component SSR]
    ./app/admin/components/BlockEditor/BlockEditor.tsx [Client Component SSR]
    ./app/admin/components/ColumnEditor/ColumnEditor.tsx [Client Component SSR]
    ./app/admin/components/ColumnEditor/ColumnEditor.tsx [Server Component]
    ./app/admin/(protected)/columns/[id]/edit/page.tsx [Server Component] @ http://localhost:3000/_next/static/chunks/node_modules_next_dist_f3530cac._.js:3127
[ -349436ms] [ERROR] ./app/admin/components/BlockEditorItem/BlockEditorItem.tsx:8:1
Export toggleHighlight doesn't exist in target module
   6 | import ImageUploadField from '../ImageUploadField';
   7 | import { COLUMN_LIMITS } from '../../../lib/columns/constants';
>  8 | import { hasHighlight, parseInlineText, toggleHighlight } from '../../../lib/columns/inline';
     | ^^^^^^^^^^^^^^^^^^^^^^^^^^^^^^^^^^^^^^^^^^^^^^^^^^^^^^^^^^^^^^^^^^^^^^^^^^^^^^^^^^^^^^^^^^^^^
   9 | import type { ColumnBlock, ParagraphBlock, YoutubeBlock } from '../../../lib/columns/types';
  10 | import { extractYouTubeId, youtubeThumbnailUrl } from '../../../lib/youtube';
  11 |

The export toggleHighlight was not found in module [project]/app/lib/columns/inline.ts [app-client] (ecmascript).
Did you mean to import inlineToPlainText?
All exports of the module are statically known (It doesn't have dynamic exports). So it's known statically that the requested export doesn't exist.

Import traces:
  Client Component Browser:
    ./app/admin/components/BlockEditorItem/BlockEditorItem.tsx [Client Component Browser]
    ./app/admin/components/BlockEditor/BlockEditor.tsx [Client Component Browser]
    ./app/admin/components/ColumnEditor/ColumnEditor.tsx [Client Component Browser]
    ./app/admin/components/ColumnEditor/ColumnEditor.tsx [Server Component]
    ./app/admin/(protected)/columns/[id]/edit/page.tsx [Server Component]

  Client Component SSR:
    ./app/admin/components/BlockEditorItem/BlockEditorItem.tsx [Client Component SSR]
    ./app/admin/components/BlockEditor/BlockEditor.tsx [Client Component SSR]
    ./app/admin/components/ColumnEditor/ColumnEditor.tsx [Client Component SSR]
    ./app/admin/components/ColumnEditor/ColumnEditor.tsx [Server Component]
    ./app/admin/(protected)/columns/[id]/edit/page.tsx [Server Component] @ http://localhost:3000/_next/static/chunks/node_modules_next_dist_f3530cac._.js:3127
[ -349436ms] [ERROR] ./app/admin/components/BlockEditorItem/BlockEditorItem.tsx:8:1
Export toggleHighlight doesn't exist in target module
   6 | import ImageUploadField from '../ImageUploadField';
   7 | import { COLUMN_LIMITS } from '../../../lib/columns/constants';
>  8 | import { hasHighlight, parseInlineText, toggleHighlight } from '../../../lib/columns/inline';
     | ^^^^^^^^^^^^^^^^^^^^^^^^^^^^^^^^^^^^^^^^^^^^^^^^^^^^^^^^^^^^^^^^^^^^^^^^^^^^^^^^^^^^^^^^^^^^^
   9 | import type { ColumnBlock, ParagraphBlock, YoutubeBlock } from '../../../lib/columns/types';
  10 | import { extractYouTubeId, youtubeThumbnailUrl } from '../../../lib/youtube';
  11 |

The export toggleHighlight was not found in module [project]/app/lib/columns/inline.ts [app-ssr] (ecmascript).
Did you mean to import inlineToPlainText?
All exports of the module are statically known (It doesn't have dynamic exports). So it's known statically that the requested export doesn't exist.

Import traces:
  Client Component Browser:
    ./app/admin/components/BlockEditorItem/BlockEditorItem.tsx [Client Component Browser]
    ./app/admin/components/BlockEditor/BlockEditor.tsx [Client Component Browser]
    ./app/admin/components/ColumnEditor/ColumnEditor.tsx [Client Component Browser]
    ./app/admin/components/ColumnEditor/ColumnEditor.tsx [Server Component]
    ./app/admin/(protected)/columns/[id]/edit/page.tsx [Server Component]

  Client Component SSR:
    ./app/admin/components/BlockEditorItem/BlockEditorItem.tsx [Client Component SSR]
    ./app/admin/components/BlockEditor/BlockEditor.tsx [Client Component SSR]
    ./app/admin/components/ColumnEditor/ColumnEditor.tsx [Client Component SSR]
    ./app/admin/components/ColumnEditor/ColumnEditor.tsx [Server Component]
    ./app/admin/(protected)/columns/[id]/edit/page.tsx [Server Component] @ http://localhost:3000/_next/static/chunks/node_modules_next_dist_f3530cac._.js:3127
[ -349373ms] [LOG] [Fast Refresh] rebuilding @ http://localhost:3000/_next/static/chunks/node_modules_next_dist_f3530cac._.js:2297
[ -337504ms] [ERROR] ./app/column/components/BlockRenderer/BlockRenderer.tsx:5:1
Export parseInlineText doesn't exist in target module
  3 | import styles from './BlockRenderer.module.css';
  4 | import LiteYouTube from '../LiteYouTube';
> 5 | import { parseInlineText } from '../../../lib/columns/inline';
    | ^^^^^^^^^^^^^^^^^^^^^^^^^^^^^^^^^^^^^^^^^^^^^^^^^^^^^^^^^^^^^^
  6 | import type { ColumnBlock } from '../../../lib/columns/types';
  7 |
  8 | const FALLBACK_WIDTH = 1200;

The export parseInlineText was not found in module [project]/app/lib/columns/inline.ts [app-rsc] (ecmascript).
Did you mean to import parseInlineContent?
All exports of the module are statically known (It doesn't have dynamic exports). So it's known statically that the requested export doesn't exist.

Import trace:
  Server Component:
    ./app/column/components/BlockRenderer/BlockRenderer.tsx
    ./app/column/[slug]/page.tsx @ http://localhost:3000/_next/static/chunks/node_modules_next_dist_f3530cac._.js:3127
[ -337504ms] [ERROR] ./app/admin/components/BlockEditorItem/BlockEditorItem.tsx:8:1
Export hasHighlight doesn't exist in target module
   6 | import ImageUploadField from '../ImageUploadField';
   7 | import { COLUMN_LIMITS } from '../../../lib/columns/constants';
>  8 | import { hasHighlight, parseInlineText, toggleHighlight } from '../../../lib/columns/inline';
     | ^^^^^^^^^^^^^^^^^^^^^^^^^^^^^^^^^^^^^^^^^^^^^^^^^^^^^^^^^^^^^^^^^^^^^^^^^^^^^^^^^^^^^^^^^^^^^
   9 | import type { ColumnBlock, ParagraphBlock, YoutubeBlock } from '../../../lib/columns/types';
  10 | import { extractYouTubeId, youtubeThumbnailUrl } from '../../../lib/youtube';
  11 |

The export hasHighlight was not found in module [project]/app/lib/columns/inline.ts [app-client] (ecmascript).
Did you mean to import inlineToPlainText?
All exports of the module are statically known (It doesn't have dynamic exports). So it's known statically that the requested export doesn't exist.

Import traces:
  Client Component Browser:
    ./app/admin/components/BlockEditorItem/BlockEditorItem.tsx [Client Component Browser]
    ./app/admin/components/BlockEditor/BlockEditor.tsx [Client Component Browser]
    ./app/admin/components/ColumnEditor/ColumnEditor.tsx [Client Component Browser]
    ./app/admin/components/ColumnEditor/ColumnEditor.tsx [Server Component]
    ./app/admin/(protected)/columns/[id]/edit/page.tsx [Server Component]

  Client Component SSR:
    ./app/admin/components/BlockEditorItem/BlockEditorItem.tsx [Client Component SSR]
    ./app/admin/components/BlockEditor/BlockEditor.tsx [Client Component SSR]
    ./app/admin/components/ColumnEditor/ColumnEditor.tsx [Client Component SSR]
    ./app/admin/components/ColumnEditor/ColumnEditor.tsx [Server Component]
    ./app/admin/(protected)/columns/[id]/edit/page.tsx [Server Component] @ http://localhost:3000/_next/static/chunks/node_modules_next_dist_f3530cac._.js:3127
[ -337504ms] [ERROR] ./app/admin/components/BlockEditorItem/BlockEditorItem.tsx:8:1
Export hasHighlight doesn't exist in target module
   6 | import ImageUploadField from '../ImageUploadField';
   7 | import { COLUMN_LIMITS } from '../../../lib/columns/constants';
>  8 | import { hasHighlight, parseInlineText, toggleHighlight } from '../../../lib/columns/inline';
     | ^^^^^^^^^^^^^^^^^^^^^^^^^^^^^^^^^^^^^^^^^^^^^^^^^^^^^^^^^^^^^^^^^^^^^^^^^^^^^^^^^^^^^^^^^^^^^
   9 | import type { ColumnBlock, ParagraphBlock, YoutubeBlock } from '../../../lib/columns/types';
  10 | import { extractYouTubeId, youtubeThumbnailUrl } from '../../../lib/youtube';
  11 |

The export hasHighlight was not found in module [project]/app/lib/columns/inline.ts [app-ssr] (ecmascript).
Did you mean to import inlineToPlainText?
All exports of the module are statically known (It doesn't have dynamic exports). So it's known statically that the requested export doesn't exist.

Import traces:
  Client Component Browser:
    ./app/admin/components/BlockEditorItem/BlockEditorItem.tsx [Client Component Browser]
    ./app/admin/components/BlockEditor/BlockEditor.tsx [Client Component Browser]
    ./app/admin/components/ColumnEditor/ColumnEditor.tsx [Client Component Browser]
    ./app/admin/components/ColumnEditor/ColumnEditor.tsx [Server Component]
    ./app/admin/(protected)/columns/[id]/edit/page.tsx [Server Component]

  Client Component SSR:
    ./app/admin/components/BlockEditorItem/BlockEditorItem.tsx [Client Component SSR]
    ./app/admin/components/BlockEditor/BlockEditor.tsx [Client Component SSR]
    ./app/admin/components/ColumnEditor/ColumnEditor.tsx [Client Component SSR]
    ./app/admin/components/ColumnEditor/ColumnEditor.tsx [Server Component]
    ./app/admin/(protected)/columns/[id]/edit/page.tsx [Server Component] @ http://localhost:3000/_next/static/chunks/node_modules_next_dist_f3530cac._.js:3127
[ -337504ms] [ERROR] ./app/admin/components/BlockEditorItem/BlockEditorItem.tsx:8:1
Export parseInlineText doesn't exist in target module
   6 | import ImageUploadField from '../ImageUploadField';
   7 | import { COLUMN_LIMITS } from '../../../lib/columns/constants';
>  8 | import { hasHighlight, parseInlineText, toggleHighlight } from '../../../lib/columns/inline';
     | ^^^^^^^^^^^^^^^^^^^^^^^^^^^^^^^^^^^^^^^^^^^^^^^^^^^^^^^^^^^^^^^^^^^^^^^^^^^^^^^^^^^^^^^^^^^^^
   9 | import type { ColumnBlock, ParagraphBlock, YoutubeBlock } from '../../../lib/columns/types';
  10 | import { extractYouTubeId, youtubeThumbnailUrl } from '../../../lib/youtube';
  11 |

The export parseInlineText was not found in module [project]/app/lib/columns/inline.ts [app-client] (ecmascript).
Did you mean to import parseInlineContent?
All exports of the module are statically known (It doesn't have dynamic exports). So it's known statically that the requested export doesn't exist.

Import traces:
  Client Component Browser:
    ./app/admin/components/BlockEditorItem/BlockEditorItem.tsx [Client Component Browser]
    ./app/admin/components/BlockEditor/BlockEditor.tsx [Client Component Browser]
    ./app/admin/components/ColumnEditor/ColumnEditor.tsx [Client Component Browser]
    ./app/admin/components/ColumnEditor/ColumnEditor.tsx [Server Component]
    ./app/admin/(protected)/columns/[id]/edit/page.tsx [Server Component]

  Client Component SSR:
    ./app/admin/components/BlockEditorItem/BlockEditorItem.tsx [Client Component SSR]
    ./app/admin/components/BlockEditor/BlockEditor.tsx [Client Component SSR]
    ./app/admin/components/ColumnEditor/ColumnEditor.tsx [Client Component SSR]
    ./app/admin/components/ColumnEditor/ColumnEditor.tsx [Server Component]
    ./app/admin/(protected)/columns/[id]/edit/page.tsx [Server Component] @ http://localhost:3000/_next/static/chunks/node_modules_next_dist_f3530cac._.js:3127
[ -337504ms] [ERROR] ./app/admin/components/BlockEditorItem/BlockEditorItem.tsx:8:1
Export parseInlineText doesn't exist in target module
   6 | import ImageUploadField from '../ImageUploadField';
   7 | import { COLUMN_LIMITS } from '../../../lib/columns/constants';
>  8 | import { hasHighlight, parseInlineText, toggleHighlight } from '../../../lib/columns/inline';
     | ^^^^^^^^^^^^^^^^^^^^^^^^^^^^^^^^^^^^^^^^^^^^^^^^^^^^^^^^^^^^^^^^^^^^^^^^^^^^^^^^^^^^^^^^^^^^^
   9 | import type { ColumnBlock, ParagraphBlock, YoutubeBlock } from '../../../lib/columns/types';
  10 | import { extractYouTubeId, youtubeThumbnailUrl } from '../../../lib/youtube';
  11 |

The export parseInlineText was not found in module [project]/app/lib/columns/inline.ts [app-ssr] (ecmascript).
Did you mean to import parseInlineContent?
All exports of the module are statically known (It doesn't have dynamic exports). So it's known statically that the requested export doesn't exist.

Import traces:
  Client Component Browser:
    ./app/admin/components/BlockEditorItem/BlockEditorItem.tsx [Client Component Browser]
    ./app/admin/components/BlockEditor/BlockEditor.tsx [Client Component Browser]
    ./app/admin/components/ColumnEditor/ColumnEditor.tsx [Client Component Browser]
    ./app/admin/components/ColumnEditor/ColumnEditor.tsx [Server Component]
    ./app/admin/(protected)/columns/[id]/edit/page.tsx [Server Component]

  Client Component SSR:
    ./app/admin/components/BlockEditorItem/BlockEditorItem.tsx [Client Component SSR]
    ./app/admin/components/BlockEditor/BlockEditor.tsx [Client Component SSR]
    ./app/admin/components/ColumnEditor/ColumnEditor.tsx [Client Component SSR]
    ./app/admin/components/ColumnEditor/ColumnEditor.tsx [Server Component]
    ./app/admin/(protected)/columns/[id]/edit/page.tsx [Server Component] @ http://localhost:3000/_next/static/chunks/node_modules_next_dist_f3530cac._.js:3127
[ -337504ms] [ERROR] ./app/admin/components/BlockEditorItem/BlockEditorItem.tsx:8:1
Export toggleHighlight doesn't exist in target module
   6 | import ImageUploadField from '../ImageUploadField';
   7 | import { COLUMN_LIMITS } from '../../../lib/columns/constants';
>  8 | import { hasHighlight, parseInlineText, toggleHighlight } from '../../../lib/columns/inline';
     | ^^^^^^^^^^^^^^^^^^^^^^^^^^^^^^^^^^^^^^^^^^^^^^^^^^^^^^^^^^^^^^^^^^^^^^^^^^^^^^^^^^^^^^^^^^^^^
   9 | import type { ColumnBlock, ParagraphBlock, YoutubeBlock } from '../../../lib/columns/types';
  10 | import { extractYouTubeId, youtubeThumbnailUrl } from '../../../lib/youtube';
  11 |

The export toggleHighlight was not found in module [project]/app/lib/columns/inline.ts [app-client] (ecmascript).
Did you mean to import inlineToPlainText?
All exports of the module are statically known (It doesn't have dynamic exports). So it's known statically that the requested export doesn't exist.

Import traces:
  Client Component Browser:
    ./app/admin/components/BlockEditorItem/BlockEditorItem.tsx [Client Component Browser]
    ./app/admin/components/BlockEditor/BlockEditor.tsx [Client Component Browser]
    ./app/admin/components/ColumnEditor/ColumnEditor.tsx [Client Component Browser]
    ./app/admin/components/ColumnEditor/ColumnEditor.tsx [Server Component]
    ./app/admin/(protected)/columns/[id]/edit/page.tsx [Server Component]

  Client Component SSR:
    ./app/admin/components/BlockEditorItem/BlockEditorItem.tsx [Client Component SSR]
    ./app/admin/components/BlockEditor/BlockEditor.tsx [Client Component SSR]
    ./app/admin/components/ColumnEditor/ColumnEditor.tsx [Client Component SSR]
    ./app/admin/components/ColumnEditor/ColumnEditor.tsx [Server Component]
    ./app/admin/(protected)/columns/[id]/edit/page.tsx [Server Component] @ http://localhost:3000/_next/static/chunks/node_modules_next_dist_f3530cac._.js:3127
[ -337504ms] [ERROR] ./app/admin/components/BlockEditorItem/BlockEditorItem.tsx:8:1
Export toggleHighlight doesn't exist in target module
   6 | import ImageUploadField from '../ImageUploadField';
   7 | import { COLUMN_LIMITS } from '../../../lib/columns/constants';
>  8 | import { hasHighlight, parseInlineText, toggleHighlight } from '../../../lib/columns/inline';
     | ^^^^^^^^^^^^^^^^^^^^^^^^^^^^^^^^^^^^^^^^^^^^^^^^^^^^^^^^^^^^^^^^^^^^^^^^^^^^^^^^^^^^^^^^^^^^^
   9 | import type { ColumnBlock, ParagraphBlock, YoutubeBlock } from '../../../lib/columns/types';
  10 | import { extractYouTubeId, youtubeThumbnailUrl } from '../../../lib/youtube';
  11 |

The export toggleHighlight was not found in module [project]/app/lib/columns/inline.ts [app-ssr] (ecmascript).
Did you mean to import inlineToPlainText?
All exports of the module are statically known (It doesn't have dynamic exports). So it's known statically that the requested export doesn't exist.

Import traces:
  Client Component Browser:
    ./app/admin/components/BlockEditorItem/BlockEditorItem.tsx [Client Component Browser]
    ./app/admin/components/BlockEditor/BlockEditor.tsx [Client Component Browser]
    ./app/admin/components/ColumnEditor/ColumnEditor.tsx [Client Component Browser]
    ./app/admin/components/ColumnEditor/ColumnEditor.tsx [Server Component]
    ./app/admin/(protected)/columns/[id]/edit/page.tsx [Server Component]

  Client Component SSR:
    ./app/admin/components/BlockEditorItem/BlockEditorItem.tsx [Client Component SSR]
    ./app/admin/components/BlockEditor/BlockEditor.tsx [Client Component SSR]
    ./app/admin/components/ColumnEditor/ColumnEditor.tsx [Client Component SSR]
    ./app/admin/components/ColumnEditor/ColumnEditor.tsx [Server Component]
    ./app/admin/(protected)/columns/[id]/edit/page.tsx [Server Component] @ http://localhost:3000/_next/static/chunks/node_modules_next_dist_f3530cac._.js:3127
[ -337474ms] [LOG] [Fast Refresh] rebuilding @ http://localhost:3000/_next/static/chunks/node_modules_next_dist_f3530cac._.js:2297
[ -321249ms] [ERROR] ./app/column/components/BlockRenderer/BlockRenderer.tsx:5:1
Export parseInlineText doesn't exist in target module
  3 | import styles from './BlockRenderer.module.css';
  4 | import LiteYouTube from '../LiteYouTube';
> 5 | import { parseInlineText } from '../../../lib/columns/inline';
    | ^^^^^^^^^^^^^^^^^^^^^^^^^^^^^^^^^^^^^^^^^^^^^^^^^^^^^^^^^^^^^^
  6 | import type { ColumnBlock } from '../../../lib/columns/types';
  7 |
  8 | const FALLBACK_WIDTH = 1200;

The export parseInlineText was not found in module [project]/app/lib/columns/inline.ts [app-rsc] (ecmascript).
Did you mean to import parseInlineContent?
All exports of the module are statically known (It doesn't have dynamic exports). So it's known statically that the requested export doesn't exist.

Import trace:
  Server Component:
    ./app/column/components/BlockRenderer/BlockRenderer.tsx
    ./app/column/[slug]/page.tsx @ http://localhost:3000/_next/static/chunks/node_modules_next_dist_f3530cac._.js:3127
[ -321248ms] [ERROR] ./app/admin/components/BlockEditorItem/BlockEditorItem.tsx:8:1
Export hasHighlight doesn't exist in target module
   6 | import ImageUploadField from '../ImageUploadField';
   7 | import { COLUMN_LIMITS } from '../../../lib/columns/constants';
>  8 | import { hasHighlight, parseInlineText, toggleHighlight } from '../../../lib/columns/inline';
     | ^^^^^^^^^^^^^^^^^^^^^^^^^^^^^^^^^^^^^^^^^^^^^^^^^^^^^^^^^^^^^^^^^^^^^^^^^^^^^^^^^^^^^^^^^^^^^
   9 | import type { ColumnBlock, ParagraphBlock, YoutubeBlock } from '../../../lib/columns/types';
  10 | import { extractYouTubeId, youtubeThumbnailUrl } from '../../../lib/youtube';
  11 |

The export hasHighlight was not found in module [project]/app/lib/columns/inline.ts [app-client] (ecmascript).
Did you mean to import inlineToPlainText?
All exports of the module are statically known (It doesn't have dynamic exports). So it's known statically that the requested export doesn't exist.

Import traces:
  Client Component Browser:
    ./app/admin/components/BlockEditorItem/BlockEditorItem.tsx [Client Component Browser]
    ./app/admin/components/BlockEditor/BlockEditor.tsx [Client Component Browser]
    ./app/admin/components/ColumnEditor/ColumnEditor.tsx [Client Component Browser]
    ./app/admin/components/ColumnEditor/ColumnEditor.tsx [Server Component]
    ./app/admin/(protected)/columns/[id]/edit/page.tsx [Server Component]

  Client Component SSR:
    ./app/admin/components/BlockEditorItem/BlockEditorItem.tsx [Client Component SSR]
    ./app/admin/components/BlockEditor/BlockEditor.tsx [Client Component SSR]
    ./app/admin/components/ColumnEditor/ColumnEditor.tsx [Client Component SSR]
    ./app/admin/components/ColumnEditor/ColumnEditor.tsx [Server Component]
    ./app/admin/(protected)/columns/[id]/edit/page.tsx [Server Component] @ http://localhost:3000/_next/static/chunks/node_modules_next_dist_f3530cac._.js:3127
[ -321248ms] [ERROR] ./app/admin/components/BlockEditorItem/BlockEditorItem.tsx:8:1
Export hasHighlight doesn't exist in target module
   6 | import ImageUploadField from '../ImageUploadField';
   7 | import { COLUMN_LIMITS } from '../../../lib/columns/constants';
>  8 | import { hasHighlight, parseInlineText, toggleHighlight } from '../../../lib/columns/inline';
     | ^^^^^^^^^^^^^^^^^^^^^^^^^^^^^^^^^^^^^^^^^^^^^^^^^^^^^^^^^^^^^^^^^^^^^^^^^^^^^^^^^^^^^^^^^^^^^
   9 | import type { ColumnBlock, ParagraphBlock, YoutubeBlock } from '../../../lib/columns/types';
  10 | import { extractYouTubeId, youtubeThumbnailUrl } from '../../../lib/youtube';
  11 |

The export hasHighlight was not found in module [project]/app/lib/columns/inline.ts [app-ssr] (ecmascript).
Did you mean to import inlineToPlainText?
All exports of the module are statically known (It doesn't have dynamic exports). So it's known statically that the requested export doesn't exist.

Import traces:
  Client Component Browser:
    ./app/admin/components/BlockEditorItem/BlockEditorItem.tsx [Client Component Browser]
    ./app/admin/components/BlockEditor/BlockEditor.tsx [Client Component Browser]
    ./app/admin/components/ColumnEditor/ColumnEditor.tsx [Client Component Browser]
    ./app/admin/components/ColumnEditor/ColumnEditor.tsx [Server Component]
    ./app/admin/(protected)/columns/[id]/edit/page.tsx [Server Component]

  Client Component SSR:
    ./app/admin/components/BlockEditorItem/BlockEditorItem.tsx [Client Component SSR]
    ./app/admin/components/BlockEditor/BlockEditor.tsx [Client Component SSR]
    ./app/admin/components/ColumnEditor/ColumnEditor.tsx [Client Component SSR]
    ./app/admin/components/ColumnEditor/ColumnEditor.tsx [Server Component]
    ./app/admin/(protected)/columns/[id]/edit/page.tsx [Server Component] @ http://localhost:3000/_next/static/chunks/node_modules_next_dist_f3530cac._.js:3127
[ -321248ms] [ERROR] ./app/admin/components/BlockEditorItem/BlockEditorItem.tsx:8:1
Export parseInlineText doesn't exist in target module
   6 | import ImageUploadField from '../ImageUploadField';
   7 | import { COLUMN_LIMITS } from '../../../lib/columns/constants';
>  8 | import { hasHighlight, parseInlineText, toggleHighlight } from '../../../lib/columns/inline';
     | ^^^^^^^^^^^^^^^^^^^^^^^^^^^^^^^^^^^^^^^^^^^^^^^^^^^^^^^^^^^^^^^^^^^^^^^^^^^^^^^^^^^^^^^^^^^^^
   9 | import type { ColumnBlock, ParagraphBlock, YoutubeBlock } from '../../../lib/columns/types';
  10 | import { extractYouTubeId, youtubeThumbnailUrl } from '../../../lib/youtube';
  11 |

The export parseInlineText was not found in module [project]/app/lib/columns/inline.ts [app-client] (ecmascript).
Did you mean to import parseInlineContent?
All exports of the module are statically known (It doesn't have dynamic exports). So it's known statically that the requested export doesn't exist.

Import traces:
  Client Component Browser:
    ./app/admin/components/BlockEditorItem/BlockEditorItem.tsx [Client Component Browser]
    ./app/admin/components/BlockEditor/BlockEditor.tsx [Client Component Browser]
    ./app/admin/components/ColumnEditor/ColumnEditor.tsx [Client Component Browser]
    ./app/admin/components/ColumnEditor/ColumnEditor.tsx [Server Component]
    ./app/admin/(protected)/columns/[id]/edit/page.tsx [Server Component]

  Client Component SSR:
    ./app/admin/components/BlockEditorItem/BlockEditorItem.tsx [Client Component SSR]
    ./app/admin/components/BlockEditor/BlockEditor.tsx [Client Component SSR]
    ./app/admin/components/ColumnEditor/ColumnEditor.tsx [Client Component SSR]
    ./app/admin/components/ColumnEditor/ColumnEditor.tsx [Server Component]
    ./app/admin/(protected)/columns/[id]/edit/page.tsx [Server Component] @ http://localhost:3000/_next/static/chunks/node_modules_next_dist_f3530cac._.js:3127
[ -321248ms] [ERROR] ./app/admin/components/BlockEditorItem/BlockEditorItem.tsx:8:1
Export parseInlineText doesn't exist in target module
   6 | import ImageUploadField from '../ImageUploadField';
   7 | import { COLUMN_LIMITS } from '../../../lib/columns/constants';
>  8 | import { hasHighlight, parseInlineText, toggleHighlight } from '../../../lib/columns/inline';
     | ^^^^^^^^^^^^^^^^^^^^^^^^^^^^^^^^^^^^^^^^^^^^^^^^^^^^^^^^^^^^^^^^^^^^^^^^^^^^^^^^^^^^^^^^^^^^^
   9 | import type { ColumnBlock, ParagraphBlock, YoutubeBlock } from '../../../lib/columns/types';
  10 | import { extractYouTubeId, youtubeThumbnailUrl } from '../../../lib/youtube';
  11 |

The export parseInlineText was not found in module [project]/app/lib/columns/inline.ts [app-ssr] (ecmascript).
Did you mean to import parseInlineContent?
All exports of the module are statically known (It doesn't have dynamic exports). So it's known statically that the requested export doesn't exist.

Import traces:
  Client Component Browser:
    ./app/admin/components/BlockEditorItem/BlockEditorItem.tsx [Client Component Browser]
    ./app/admin/components/BlockEditor/BlockEditor.tsx [Client Component Browser]
    ./app/admin/components/ColumnEditor/ColumnEditor.tsx [Client Component Browser]
    ./app/admin/components/ColumnEditor/ColumnEditor.tsx [Server Component]
    ./app/admin/(protected)/columns/[id]/edit/page.tsx [Server Component]

  Client Component SSR:
    ./app/admin/components/BlockEditorItem/BlockEditorItem.tsx [Client Component SSR]
    ./app/admin/components/BlockEditor/BlockEditor.tsx [Client Component SSR]
    ./app/admin/components/ColumnEditor/ColumnEditor.tsx [Client Component SSR]
    ./app/admin/components/ColumnEditor/ColumnEditor.tsx [Server Component]
    ./app/admin/(protected)/columns/[id]/edit/page.tsx [Server Component] @ http://localhost:3000/_next/static/chunks/node_modules_next_dist_f3530cac._.js:3127
[ -321248ms] [ERROR] ./app/admin/components/BlockEditorItem/BlockEditorItem.tsx:8:1
Export toggleHighlight doesn't exist in target module
   6 | import ImageUploadField from '../ImageUploadField';
   7 | import { COLUMN_LIMITS } from '../../../lib/columns/constants';
>  8 | import { hasHighlight, parseInlineText, toggleHighlight } from '../../../lib/columns/inline';
     | ^^^^^^^^^^^^^^^^^^^^^^^^^^^^^^^^^^^^^^^^^^^^^^^^^^^^^^^^^^^^^^^^^^^^^^^^^^^^^^^^^^^^^^^^^^^^^
   9 | import type { ColumnBlock, ParagraphBlock, YoutubeBlock } from '../../../lib/columns/types';
  10 | import { extractYouTubeId, youtubeThumbnailUrl } from '../../../lib/youtube';
  11 |

The export toggleHighlight was not found in module [project]/app/lib/columns/inline.ts [app-client] (ecmascript).
Did you mean to import inlineToPlainText?
All exports of the module are statically known (It doesn't have dynamic exports). So it's known statically that the requested export doesn't exist.

Import traces:
  Client Component Browser:
    ./app/admin/components/BlockEditorItem/BlockEditorItem.tsx [Client Component Browser]
    ./app/admin/components/BlockEditor/BlockEditor.tsx [Client Component Browser]
    ./app/admin/components/ColumnEditor/ColumnEditor.tsx [Client Component Browser]
    ./app/admin/components/ColumnEditor/ColumnEditor.tsx [Server Component]
    ./app/admin/(protected)/columns/[id]/edit/page.tsx [Server Component]

  Client Component SSR:
    ./app/admin/components/BlockEditorItem/BlockEditorItem.tsx [Client Component SSR]
    ./app/admin/components/BlockEditor/BlockEditor.tsx [Client Component SSR]
    ./app/admin/components/ColumnEditor/ColumnEditor.tsx [Client Component SSR]
    ./app/admin/components/ColumnEditor/ColumnEditor.tsx [Server Component]
    ./app/admin/(protected)/columns/[id]/edit/page.tsx [Server Component] @ http://localhost:3000/_next/static/chunks/node_modules_next_dist_f3530cac._.js:3127
[ -321247ms] [ERROR] ./app/admin/components/BlockEditorItem/BlockEditorItem.tsx:8:1
Export toggleHighlight doesn't exist in target module
   6 | import ImageUploadField from '../ImageUploadField';
   7 | import { COLUMN_LIMITS } from '../../../lib/columns/constants';
>  8 | import { hasHighlight, parseInlineText, toggleHighlight } from '../../../lib/columns/inline';
     | ^^^^^^^^^^^^^^^^^^^^^^^^^^^^^^^^^^^^^^^^^^^^^^^^^^^^^^^^^^^^^^^^^^^^^^^^^^^^^^^^^^^^^^^^^^^^^
   9 | import type { ColumnBlock, ParagraphBlock, YoutubeBlock } from '../../../lib/columns/types';
  10 | import { extractYouTubeId, youtubeThumbnailUrl } from '../../../lib/youtube';
  11 |

The export toggleHighlight was not found in module [project]/app/lib/columns/inline.ts [app-ssr] (ecmascript).
Did you mean to import inlineToPlainText?
All exports of the module are statically known (It doesn't have dynamic exports). So it's known statically that the requested export doesn't exist.

Import traces:
  Client Component Browser:
    ./app/admin/components/BlockEditorItem/BlockEditorItem.tsx [Client Component Browser]
    ./app/admin/components/BlockEditor/BlockEditor.tsx [Client Component Browser]
    ./app/admin/components/ColumnEditor/ColumnEditor.tsx [Client Component Browser]
    ./app/admin/components/ColumnEditor/ColumnEditor.tsx [Server Component]
    ./app/admin/(protected)/columns/[id]/edit/page.tsx [Server Component]

  Client Component SSR:
    ./app/admin/components/BlockEditorItem/BlockEditorItem.tsx [Client Component SSR]
    ./app/admin/components/BlockEditor/BlockEditor.tsx [Client Component SSR]
    ./app/admin/components/ColumnEditor/ColumnEditor.tsx [Client Component SSR]
    ./app/admin/components/ColumnEditor/ColumnEditor.tsx [Server Component]
    ./app/admin/(protected)/columns/[id]/edit/page.tsx [Server Component] @ http://localhost:3000/_next/static/chunks/node_modules_next_dist_f3530cac._.js:3127
[ -321212ms] [LOG] [Fast Refresh] rebuilding @ http://localhost:3000/_next/static/chunks/node_modules_next_dist_f3530cac._.js:2297
[ -315145ms] [ERROR] ./app/column/components/BlockRenderer/BlockRenderer.tsx:5:1
Export parseInlineText doesn't exist in target module
  3 | import styles from './BlockRenderer.module.css';
  4 | import LiteYouTube from '../LiteYouTube';
> 5 | import { parseInlineText } from '../../../lib/columns/inline';
    | ^^^^^^^^^^^^^^^^^^^^^^^^^^^^^^^^^^^^^^^^^^^^^^^^^^^^^^^^^^^^^^
  6 | import type { ColumnBlock } from '../../../lib/columns/types';
  7 |
  8 | const FALLBACK_WIDTH = 1200;

The export parseInlineText was not found in module [project]/app/lib/columns/inline.ts [app-rsc] (ecmascript).
Did you mean to import parseInlineContent?
All exports of the module are statically known (It doesn't have dynamic exports). So it's known statically that the requested export doesn't exist.

Import trace:
  Server Component:
    ./app/column/components/BlockRenderer/BlockRenderer.tsx
    ./app/column/[slug]/page.tsx @ http://localhost:3000/_next/static/chunks/node_modules_next_dist_f3530cac._.js:3127
[ -315145ms] [ERROR] ./app/admin/components/BlockEditorItem/BlockEditorItem.tsx:8:1
Export hasHighlight doesn't exist in target module
   6 | import ImageUploadField from '../ImageUploadField';
   7 | import { COLUMN_LIMITS } from '../../../lib/columns/constants';
>  8 | import { hasHighlight, parseInlineText, toggleHighlight } from '../../../lib/columns/inline';
     | ^^^^^^^^^^^^^^^^^^^^^^^^^^^^^^^^^^^^^^^^^^^^^^^^^^^^^^^^^^^^^^^^^^^^^^^^^^^^^^^^^^^^^^^^^^^^^
   9 | import type { ColumnBlock, ParagraphBlock, YoutubeBlock } from '../../../lib/columns/types';
  10 | import { extractYouTubeId, youtubeThumbnailUrl } from '../../../lib/youtube';
  11 |

The export hasHighlight was not found in module [project]/app/lib/columns/inline.ts [app-client] (ecmascript).
Did you mean to import inlineToPlainText?
All exports of the module are statically known (It doesn't have dynamic exports). So it's known statically that the requested export doesn't exist.

Import traces:
  Client Component Browser:
    ./app/admin/components/BlockEditorItem/BlockEditorItem.tsx [Client Component Browser]
    ./app/admin/components/BlockEditor/BlockEditor.tsx [Client Component Browser]
    ./app/admin/components/ColumnEditor/ColumnEditor.tsx [Client Component Browser]
    ./app/admin/components/ColumnEditor/ColumnEditor.tsx [Server Component]
    ./app/admin/(protected)/columns/[id]/edit/page.tsx [Server Component]

  Client Component SSR:
    ./app/admin/components/BlockEditorItem/BlockEditorItem.tsx [Client Component SSR]
    ./app/admin/components/BlockEditor/BlockEditor.tsx [Client Component SSR]
    ./app/admin/components/ColumnEditor/ColumnEditor.tsx [Client Component SSR]
    ./app/admin/components/ColumnEditor/ColumnEditor.tsx [Server Component]
    ./app/admin/(protected)/columns/[id]/edit/page.tsx [Server Component] @ http://localhost:3000/_next/static/chunks/node_modules_next_dist_f3530cac._.js:3127
[ -315145ms] [ERROR] ./app/admin/components/BlockEditorItem/BlockEditorItem.tsx:8:1
Export hasHighlight doesn't exist in target module
   6 | import ImageUploadField from '../ImageUploadField';
   7 | import { COLUMN_LIMITS } from '../../../lib/columns/constants';
>  8 | import { hasHighlight, parseInlineText, toggleHighlight } from '../../../lib/columns/inline';
     | ^^^^^^^^^^^^^^^^^^^^^^^^^^^^^^^^^^^^^^^^^^^^^^^^^^^^^^^^^^^^^^^^^^^^^^^^^^^^^^^^^^^^^^^^^^^^^
   9 | import type { ColumnBlock, ParagraphBlock, YoutubeBlock } from '../../../lib/columns/types';
  10 | import { extractYouTubeId, youtubeThumbnailUrl } from '../../../lib/youtube';
  11 |

The export hasHighlight was not found in module [project]/app/lib/columns/inline.ts [app-ssr] (ecmascript).
Did you mean to import inlineToPlainText?
All exports of the module are statically known (It doesn't have dynamic exports). So it's known statically that the requested export doesn't exist.

Import traces:
  Client Component Browser:
    ./app/admin/components/BlockEditorItem/BlockEditorItem.tsx [Client Component Browser]
    ./app/admin/components/BlockEditor/BlockEditor.tsx [Client Component Browser]
    ./app/admin/components/ColumnEditor/ColumnEditor.tsx [Client Component Browser]
    ./app/admin/components/ColumnEditor/ColumnEditor.tsx [Server Component]
    ./app/admin/(protected)/columns/[id]/edit/page.tsx [Server Component]

  Client Component SSR:
    ./app/admin/components/BlockEditorItem/BlockEditorItem.tsx [Client Component SSR]
    ./app/admin/components/BlockEditor/BlockEditor.tsx [Client Component SSR]
    ./app/admin/components/ColumnEditor/ColumnEditor.tsx [Client Component SSR]
    ./app/admin/components/ColumnEditor/ColumnEditor.tsx [Server Component]
    ./app/admin/(protected)/columns/[id]/edit/page.tsx [Server Component] @ http://localhost:3000/_next/static/chunks/node_modules_next_dist_f3530cac._.js:3127
[ -315145ms] [ERROR] ./app/admin/components/BlockEditorItem/BlockEditorItem.tsx:8:1
Export parseInlineText doesn't exist in target module
   6 | import ImageUploadField from '../ImageUploadField';
   7 | import { COLUMN_LIMITS } from '../../../lib/columns/constants';
>  8 | import { hasHighlight, parseInlineText, toggleHighlight } from '../../../lib/columns/inline';
     | ^^^^^^^^^^^^^^^^^^^^^^^^^^^^^^^^^^^^^^^^^^^^^^^^^^^^^^^^^^^^^^^^^^^^^^^^^^^^^^^^^^^^^^^^^^^^^
   9 | import type { ColumnBlock, ParagraphBlock, YoutubeBlock } from '../../../lib/columns/types';
  10 | import { extractYouTubeId, youtubeThumbnailUrl } from '../../../lib/youtube';
  11 |

The export parseInlineText was not found in module [project]/app/lib/columns/inline.ts [app-client] (ecmascript).
Did you mean to import parseInlineContent?
All exports of the module are statically known (It doesn't have dynamic exports). So it's known statically that the requested export doesn't exist.

Import traces:
  Client Component Browser:
    ./app/admin/components/BlockEditorItem/BlockEditorItem.tsx [Client Component Browser]
    ./app/admin/components/BlockEditor/BlockEditor.tsx [Client Component Browser]
    ./app/admin/components/ColumnEditor/ColumnEditor.tsx [Client Component Browser]
    ./app/admin/components/ColumnEditor/ColumnEditor.tsx [Server Component]
    ./app/admin/(protected)/columns/[id]/edit/page.tsx [Server Component]

  Client Component SSR:
    ./app/admin/components/BlockEditorItem/BlockEditorItem.tsx [Client Component SSR]
    ./app/admin/components/BlockEditor/BlockEditor.tsx [Client Component SSR]
    ./app/admin/components/ColumnEditor/ColumnEditor.tsx [Client Component SSR]
    ./app/admin/components/ColumnEditor/ColumnEditor.tsx [Server Component]
    ./app/admin/(protected)/columns/[id]/edit/page.tsx [Server Component] @ http://localhost:3000/_next/static/chunks/node_modules_next_dist_f3530cac._.js:3127
[ -315145ms] [ERROR] ./app/admin/components/BlockEditorItem/BlockEditorItem.tsx:8:1
Export parseInlineText doesn't exist in target module
   6 | import ImageUploadField from '../ImageUploadField';
   7 | import { COLUMN_LIMITS } from '../../../lib/columns/constants';
>  8 | import { hasHighlight, parseInlineText, toggleHighlight } from '../../../lib/columns/inline';
     | ^^^^^^^^^^^^^^^^^^^^^^^^^^^^^^^^^^^^^^^^^^^^^^^^^^^^^^^^^^^^^^^^^^^^^^^^^^^^^^^^^^^^^^^^^^^^^
   9 | import type { ColumnBlock, ParagraphBlock, YoutubeBlock } from '../../../lib/columns/types';
  10 | import { extractYouTubeId, youtubeThumbnailUrl } from '../../../lib/youtube';
  11 |

The export parseInlineText was not found in module [project]/app/lib/columns/inline.ts [app-ssr] (ecmascript).
Did you mean to import parseInlineContent?
All exports of the module are statically known (It doesn't have dynamic exports). So it's known statically that the requested export doesn't exist.

Import traces:
  Client Component Browser:
    ./app/admin/components/BlockEditorItem/BlockEditorItem.tsx [Client Component Browser]
    ./app/admin/components/BlockEditor/BlockEditor.tsx [Client Component Browser]
    ./app/admin/components/ColumnEditor/ColumnEditor.tsx [Client Component Browser]
    ./app/admin/components/ColumnEditor/ColumnEditor.tsx [Server Component]
    ./app/admin/(protected)/columns/[id]/edit/page.tsx [Server Component]

  Client Component SSR:
    ./app/admin/components/BlockEditorItem/BlockEditorItem.tsx [Client Component SSR]
    ./app/admin/components/BlockEditor/BlockEditor.tsx [Client Component SSR]
    ./app/admin/components/ColumnEditor/ColumnEditor.tsx [Client Component SSR]
    ./app/admin/components/ColumnEditor/ColumnEditor.tsx [Server Component]
    ./app/admin/(protected)/columns/[id]/edit/page.tsx [Server Component] @ http://localhost:3000/_next/static/chunks/node_modules_next_dist_f3530cac._.js:3127
[ -315145ms] [ERROR] ./app/admin/components/BlockEditorItem/BlockEditorItem.tsx:8:1
Export toggleHighlight doesn't exist in target module
   6 | import ImageUploadField from '../ImageUploadField';
   7 | import { COLUMN_LIMITS } from '../../../lib/columns/constants';
>  8 | import { hasHighlight, parseInlineText, toggleHighlight } from '../../../lib/columns/inline';
     | ^^^^^^^^^^^^^^^^^^^^^^^^^^^^^^^^^^^^^^^^^^^^^^^^^^^^^^^^^^^^^^^^^^^^^^^^^^^^^^^^^^^^^^^^^^^^^
   9 | import type { ColumnBlock, ParagraphBlock, YoutubeBlock } from '../../../lib/columns/types';
  10 | import { extractYouTubeId, youtubeThumbnailUrl } from '../../../lib/youtube';
  11 |

The export toggleHighlight was not found in module [project]/app/lib/columns/inline.ts [app-client] (ecmascript).
Did you mean to import inlineToPlainText?
All exports of the module are statically known (It doesn't have dynamic exports). So it's known statically that the requested export doesn't exist.

Import traces:
  Client Component Browser:
    ./app/admin/components/BlockEditorItem/BlockEditorItem.tsx [Client Component Browser]
    ./app/admin/components/BlockEditor/BlockEditor.tsx [Client Component Browser]
    ./app/admin/components/ColumnEditor/ColumnEditor.tsx [Client Component Browser]
    ./app/admin/components/ColumnEditor/ColumnEditor.tsx [Server Component]
    ./app/admin/(protected)/columns/[id]/edit/page.tsx [Server Component]

  Client Component SSR:
    ./app/admin/components/BlockEditorItem/BlockEditorItem.tsx [Client Component SSR]
    ./app/admin/components/BlockEditor/BlockEditor.tsx [Client Component SSR]
    ./app/admin/components/ColumnEditor/ColumnEditor.tsx [Client Component SSR]
    ./app/admin/components/ColumnEditor/ColumnEditor.tsx [Server Component]
    ./app/admin/(protected)/columns/[id]/edit/page.tsx [Server Component] @ http://localhost:3000/_next/static/chunks/node_modules_next_dist_f3530cac._.js:3127
[ -315145ms] [ERROR] ./app/admin/components/BlockEditorItem/BlockEditorItem.tsx:8:1
Export toggleHighlight doesn't exist in target module
   6 | import ImageUploadField from '../ImageUploadField';
   7 | import { COLUMN_LIMITS } from '../../../lib/columns/constants';
>  8 | import { hasHighlight, parseInlineText, toggleHighlight } from '../../../lib/columns/inline';
     | ^^^^^^^^^^^^^^^^^^^^^^^^^^^^^^^^^^^^^^^^^^^^^^^^^^^^^^^^^^^^^^^^^^^^^^^^^^^^^^^^^^^^^^^^^^^^^
   9 | import type { ColumnBlock, ParagraphBlock, YoutubeBlock } from '../../../lib/columns/types';
  10 | import { extractYouTubeId, youtubeThumbnailUrl } from '../../../lib/youtube';
  11 |

The export toggleHighlight was not found in module [project]/app/lib/columns/inline.ts [app-ssr] (ecmascript).
Did you mean to import inlineToPlainText?
All exports of the module are statically known (It doesn't have dynamic exports). So it's known statically that the requested export doesn't exist.

Import traces:
  Client Component Browser:
    ./app/admin/components/BlockEditorItem/BlockEditorItem.tsx [Client Component Browser]
    ./app/admin/components/BlockEditor/BlockEditor.tsx [Client Component Browser]
    ./app/admin/components/ColumnEditor/ColumnEditor.tsx [Client Component Browser]
    ./app/admin/components/ColumnEditor/ColumnEditor.tsx [Server Component]
    ./app/admin/(protected)/columns/[id]/edit/page.tsx [Server Component]

  Client Component SSR:
    ./app/admin/components/BlockEditorItem/BlockEditorItem.tsx [Client Component SSR]
    ./app/admin/components/BlockEditor/BlockEditor.tsx [Client Component SSR]
    ./app/admin/components/ColumnEditor/ColumnEditor.tsx [Client Component SSR]
    ./app/admin/components/ColumnEditor/ColumnEditor.tsx [Server Component]
    ./app/admin/(protected)/columns/[id]/edit/page.tsx [Server Component] @ http://localhost:3000/_next/static/chunks/node_modules_next_dist_f3530cac._.js:3127
[ -315137ms] [LOG] [Fast Refresh] rebuilding @ http://localhost:3000/_next/static/chunks/node_modules_next_dist_f3530cac._.js:2297
[ -303903ms] [ERROR] ./app/admin/components/BlockEditorItem/BlockEditorItem.tsx:8:1
Export hasHighlight doesn't exist in target module
   6 | import ImageUploadField from '../ImageUploadField';
   7 | import { COLUMN_LIMITS } from '../../../lib/columns/constants';
>  8 | import { hasHighlight, parseInlineText, toggleHighlight } from '../../../lib/columns/inline';
     | ^^^^^^^^^^^^^^^^^^^^^^^^^^^^^^^^^^^^^^^^^^^^^^^^^^^^^^^^^^^^^^^^^^^^^^^^^^^^^^^^^^^^^^^^^^^^^
   9 | import type { ColumnBlock, ParagraphBlock, YoutubeBlock } from '../../../lib/columns/types';
  10 | import { extractYouTubeId, youtubeThumbnailUrl } from '../../../lib/youtube';
  11 |

The export hasHighlight was not found in module [project]/app/lib/columns/inline.ts [app-client] (ecmascript).
Did you mean to import inlineToPlainText?
All exports of the module are statically known (It doesn't have dynamic exports). So it's known statically that the requested export doesn't exist.

Import traces:
  Client Component Browser:
    ./app/admin/components/BlockEditorItem/BlockEditorItem.tsx [Client Component Browser]
    ./app/admin/components/BlockEditor/BlockEditor.tsx [Client Component Browser]
    ./app/admin/components/ColumnEditor/ColumnEditor.tsx [Client Component Browser]
    ./app/admin/components/ColumnEditor/ColumnEditor.tsx [Server Component]
    ./app/admin/(protected)/columns/[id]/edit/page.tsx [Server Component]

  Client Component SSR:
    ./app/admin/components/BlockEditorItem/BlockEditorItem.tsx [Client Component SSR]
    ./app/admin/components/BlockEditor/BlockEditor.tsx [Client Component SSR]
    ./app/admin/components/ColumnEditor/ColumnEditor.tsx [Client Component SSR]
    ./app/admin/components/ColumnEditor/ColumnEditor.tsx [Server Component]
    ./app/admin/(protected)/columns/[id]/edit/page.tsx [Server Component] @ http://localhost:3000/_next/static/chunks/node_modules_next_dist_f3530cac._.js:3127
[ -303903ms] [ERROR] ./app/admin/components/BlockEditorItem/BlockEditorItem.tsx:8:1
Export hasHighlight doesn't exist in target module
   6 | import ImageUploadField from '../ImageUploadField';
   7 | import { COLUMN_LIMITS } from '../../../lib/columns/constants';
>  8 | import { hasHighlight, parseInlineText, toggleHighlight } from '../../../lib/columns/inline';
     | ^^^^^^^^^^^^^^^^^^^^^^^^^^^^^^^^^^^^^^^^^^^^^^^^^^^^^^^^^^^^^^^^^^^^^^^^^^^^^^^^^^^^^^^^^^^^^
   9 | import type { ColumnBlock, ParagraphBlock, YoutubeBlock } from '../../../lib/columns/types';
  10 | import { extractYouTubeId, youtubeThumbnailUrl } from '../../../lib/youtube';
  11 |

The export hasHighlight was not found in module [project]/app/lib/columns/inline.ts [app-ssr] (ecmascript).
Did you mean to import inlineToPlainText?
All exports of the module are statically known (It doesn't have dynamic exports). So it's known statically that the requested export doesn't exist.

Import traces:
  Client Component Browser:
    ./app/admin/components/BlockEditorItem/BlockEditorItem.tsx [Client Component Browser]
    ./app/admin/components/BlockEditor/BlockEditor.tsx [Client Component Browser]
    ./app/admin/components/ColumnEditor/ColumnEditor.tsx [Client Component Browser]
    ./app/admin/components/ColumnEditor/ColumnEditor.tsx [Server Component]
    ./app/admin/(protected)/columns/[id]/edit/page.tsx [Server Component]

  Client Component SSR:
    ./app/admin/components/BlockEditorItem/BlockEditorItem.tsx [Client Component SSR]
    ./app/admin/components/BlockEditor/BlockEditor.tsx [Client Component SSR]
    ./app/admin/components/ColumnEditor/ColumnEditor.tsx [Client Component SSR]
    ./app/admin/components/ColumnEditor/ColumnEditor.tsx [Server Component]
    ./app/admin/(protected)/columns/[id]/edit/page.tsx [Server Component] @ http://localhost:3000/_next/static/chunks/node_modules_next_dist_f3530cac._.js:3127
[ -303903ms] [ERROR] ./app/admin/components/BlockEditorItem/BlockEditorItem.tsx:8:1
Export parseInlineText doesn't exist in target module
   6 | import ImageUploadField from '../ImageUploadField';
   7 | import { COLUMN_LIMITS } from '../../../lib/columns/constants';
>  8 | import { hasHighlight, parseInlineText, toggleHighlight } from '../../../lib/columns/inline';
     | ^^^^^^^^^^^^^^^^^^^^^^^^^^^^^^^^^^^^^^^^^^^^^^^^^^^^^^^^^^^^^^^^^^^^^^^^^^^^^^^^^^^^^^^^^^^^^
   9 | import type { ColumnBlock, ParagraphBlock, YoutubeBlock } from '../../../lib/columns/types';
  10 | import { extractYouTubeId, youtubeThumbnailUrl } from '../../../lib/youtube';
  11 |

The export parseInlineText was not found in module [project]/app/lib/columns/inline.ts [app-client] (ecmascript).
Did you mean to import parseInlineContent?
All exports of the module are statically known (It doesn't have dynamic exports). So it's known statically that the requested export doesn't exist.

Import traces:
  Client Component Browser:
    ./app/admin/components/BlockEditorItem/BlockEditorItem.tsx [Client Component Browser]
    ./app/admin/components/BlockEditor/BlockEditor.tsx [Client Component Browser]
    ./app/admin/components/ColumnEditor/ColumnEditor.tsx [Client Component Browser]
    ./app/admin/components/ColumnEditor/ColumnEditor.tsx [Server Component]
    ./app/admin/(protected)/columns/[id]/edit/page.tsx [Server Component]

  Client Component SSR:
    ./app/admin/components/BlockEditorItem/BlockEditorItem.tsx [Client Component SSR]
    ./app/admin/components/BlockEditor/BlockEditor.tsx [Client Component SSR]
    ./app/admin/components/ColumnEditor/ColumnEditor.tsx [Client Component SSR]
    ./app/admin/components/ColumnEditor/ColumnEditor.tsx [Server Component]
    ./app/admin/(protected)/columns/[id]/edit/page.tsx [Server Component] @ http://localhost:3000/_next/static/chunks/node_modules_next_dist_f3530cac._.js:3127
[ -303903ms] [ERROR] ./app/admin/components/BlockEditorItem/BlockEditorItem.tsx:8:1
Export parseInlineText doesn't exist in target module
   6 | import ImageUploadField from '../ImageUploadField';
   7 | import { COLUMN_LIMITS } from '../../../lib/columns/constants';
>  8 | import { hasHighlight, parseInlineText, toggleHighlight } from '../../../lib/columns/inline';
     | ^^^^^^^^^^^^^^^^^^^^^^^^^^^^^^^^^^^^^^^^^^^^^^^^^^^^^^^^^^^^^^^^^^^^^^^^^^^^^^^^^^^^^^^^^^^^^
   9 | import type { ColumnBlock, ParagraphBlock, YoutubeBlock } from '../../../lib/columns/types';
  10 | import { extractYouTubeId, youtubeThumbnailUrl } from '../../../lib/youtube';
  11 |

The export parseInlineText was not found in module [project]/app/lib/columns/inline.ts [app-ssr] (ecmascript).
Did you mean to import parseInlineContent?
All exports of the module are statically known (It doesn't have dynamic exports). So it's known statically that the requested export doesn't exist.

Import traces:
  Client Component Browser:
    ./app/admin/components/BlockEditorItem/BlockEditorItem.tsx [Client Component Browser]
    ./app/admin/components/BlockEditor/BlockEditor.tsx [Client Component Browser]
    ./app/admin/components/ColumnEditor/ColumnEditor.tsx [Client Component Browser]
    ./app/admin/components/ColumnEditor/ColumnEditor.tsx [Server Component]
    ./app/admin/(protected)/columns/[id]/edit/page.tsx [Server Component]

  Client Component SSR:
    ./app/admin/components/BlockEditorItem/BlockEditorItem.tsx [Client Component SSR]
    ./app/admin/components/BlockEditor/BlockEditor.tsx [Client Component SSR]
    ./app/admin/components/ColumnEditor/ColumnEditor.tsx [Client Component SSR]
    ./app/admin/components/ColumnEditor/ColumnEditor.tsx [Server Component]
    ./app/admin/(protected)/columns/[id]/edit/page.tsx [Server Component] @ http://localhost:3000/_next/static/chunks/node_modules_next_dist_f3530cac._.js:3127
[ -303903ms] [ERROR] ./app/admin/components/BlockEditorItem/BlockEditorItem.tsx:8:1
Export toggleHighlight doesn't exist in target module
   6 | import ImageUploadField from '../ImageUploadField';
   7 | import { COLUMN_LIMITS } from '../../../lib/columns/constants';
>  8 | import { hasHighlight, parseInlineText, toggleHighlight } from '../../../lib/columns/inline';
     | ^^^^^^^^^^^^^^^^^^^^^^^^^^^^^^^^^^^^^^^^^^^^^^^^^^^^^^^^^^^^^^^^^^^^^^^^^^^^^^^^^^^^^^^^^^^^^
   9 | import type { ColumnBlock, ParagraphBlock, YoutubeBlock } from '../../../lib/columns/types';
  10 | import { extractYouTubeId, youtubeThumbnailUrl } from '../../../lib/youtube';
  11 |

The export toggleHighlight was not found in module [project]/app/lib/columns/inline.ts [app-client] (ecmascript).
Did you mean to import inlineToPlainText?
All exports of the module are statically known (It doesn't have dynamic exports). So it's known statically that the requested export doesn't exist.

Import traces:
  Client Component Browser:
    ./app/admin/components/BlockEditorItem/BlockEditorItem.tsx [Client Component Browser]
    ./app/admin/components/BlockEditor/BlockEditor.tsx [Client Component Browser]
    ./app/admin/components/ColumnEditor/ColumnEditor.tsx [Client Component Browser]
    ./app/admin/components/ColumnEditor/ColumnEditor.tsx [Server Component]
    ./app/admin/(protected)/columns/[id]/edit/page.tsx [Server Component]

  Client Component SSR:
    ./app/admin/components/BlockEditorItem/BlockEditorItem.tsx [Client Component SSR]
    ./app/admin/components/BlockEditor/BlockEditor.tsx [Client Component SSR]
    ./app/admin/components/ColumnEditor/ColumnEditor.tsx [Client Component SSR]
    ./app/admin/components/ColumnEditor/ColumnEditor.tsx [Server Component]
    ./app/admin/(protected)/columns/[id]/edit/page.tsx [Server Component] @ http://localhost:3000/_next/static/chunks/node_modules_next_dist_f3530cac._.js:3127
[ -303903ms] [ERROR] ./app/admin/components/BlockEditorItem/BlockEditorItem.tsx:8:1
Export toggleHighlight doesn't exist in target module
   6 | import ImageUploadField from '../ImageUploadField';
   7 | import { COLUMN_LIMITS } from '../../../lib/columns/constants';
>  8 | import { hasHighlight, parseInlineText, toggleHighlight } from '../../../lib/columns/inline';
     | ^^^^^^^^^^^^^^^^^^^^^^^^^^^^^^^^^^^^^^^^^^^^^^^^^^^^^^^^^^^^^^^^^^^^^^^^^^^^^^^^^^^^^^^^^^^^^
   9 | import type { ColumnBlock, ParagraphBlock, YoutubeBlock } from '../../../lib/columns/types';
  10 | import { extractYouTubeId, youtubeThumbnailUrl } from '../../../lib/youtube';
  11 |

The export toggleHighlight was not found in module [project]/app/lib/columns/inline.ts [app-ssr] (ecmascript).
Did you mean to import inlineToPlainText?
All exports of the module are statically known (It doesn't have dynamic exports). So it's known statically that the requested export doesn't exist.

Import traces:
  Client Component Browser:
    ./app/admin/components/BlockEditorItem/BlockEditorItem.tsx [Client Component Browser]
    ./app/admin/components/BlockEditor/BlockEditor.tsx [Client Component Browser]
    ./app/admin/components/ColumnEditor/ColumnEditor.tsx [Client Component Browser]
    ./app/admin/components/ColumnEditor/ColumnEditor.tsx [Server Component]
    ./app/admin/(protected)/columns/[id]/edit/page.tsx [Server Component]

  Client Component SSR:
    ./app/admin/components/BlockEditorItem/BlockEditorItem.tsx [Client Component SSR]
    ./app/admin/components/BlockEditor/BlockEditor.tsx [Client Component SSR]
    ./app/admin/components/ColumnEditor/ColumnEditor.tsx [Client Component SSR]
    ./app/admin/components/ColumnEditor/ColumnEditor.tsx [Server Component]
    ./app/admin/(protected)/columns/[id]/edit/page.tsx [Server Component] @ http://localhost:3000/_next/static/chunks/node_modules_next_dist_f3530cac._.js:3127
[ -303854ms] [LOG] [Fast Refresh] rebuilding @ http://localhost:3000/_next/static/chunks/node_modules_next_dist_f3530cac._.js:2297
[ -288873ms] [ERROR] ./app/admin/components/BlockEditorItem/BlockEditorItem.tsx:8:1
Export hasHighlight doesn't exist in target module
   6 | import ImageUploadField from '../ImageUploadField';
   7 | import { COLUMN_LIMITS } from '../../../lib/columns/constants';
>  8 | import { hasHighlight, parseInlineText, toggleHighlight } from '../../../lib/columns/inline';
     | ^^^^^^^^^^^^^^^^^^^^^^^^^^^^^^^^^^^^^^^^^^^^^^^^^^^^^^^^^^^^^^^^^^^^^^^^^^^^^^^^^^^^^^^^^^^^^
   9 | import type { ColumnBlock, ParagraphBlock, YoutubeBlock } from '../../../lib/columns/types';
  10 | import { extractYouTubeId, youtubeThumbnailUrl } from '../../../lib/youtube';
  11 |

The export hasHighlight was not found in module [project]/app/lib/columns/inline.ts [app-client] (ecmascript).
Did you mean to import inlineToPlainText?
All exports of the module are statically known (It doesn't have dynamic exports). So it's known statically that the requested export doesn't exist.

Import traces:
  Client Component Browser:
    ./app/admin/components/BlockEditorItem/BlockEditorItem.tsx [Client Component Browser]
    ./app/admin/components/BlockEditor/BlockEditor.tsx [Client Component Browser]
    ./app/admin/components/ColumnEditor/ColumnEditor.tsx [Client Component Browser]
    ./app/admin/components/ColumnEditor/ColumnEditor.tsx [Server Component]
    ./app/admin/(protected)/columns/[id]/edit/page.tsx [Server Component]

  Client Component SSR:
    ./app/admin/components/BlockEditorItem/BlockEditorItem.tsx [Client Component SSR]
    ./app/admin/components/BlockEditor/BlockEditor.tsx [Client Component SSR]
    ./app/admin/components/ColumnEditor/ColumnEditor.tsx [Client Component SSR]
    ./app/admin/components/ColumnEditor/ColumnEditor.tsx [Server Component]
    ./app/admin/(protected)/columns/[id]/edit/page.tsx [Server Component] @ http://localhost:3000/_next/static/chunks/node_modules_next_dist_f3530cac._.js:3127
[ -288873ms] [ERROR] ./app/admin/components/BlockEditorItem/BlockEditorItem.tsx:8:1
Export hasHighlight doesn't exist in target module
   6 | import ImageUploadField from '../ImageUploadField';
   7 | import { COLUMN_LIMITS } from '../../../lib/columns/constants';
>  8 | import { hasHighlight, parseInlineText, toggleHighlight } from '../../../lib/columns/inline';
     | ^^^^^^^^^^^^^^^^^^^^^^^^^^^^^^^^^^^^^^^^^^^^^^^^^^^^^^^^^^^^^^^^^^^^^^^^^^^^^^^^^^^^^^^^^^^^^
   9 | import type { ColumnBlock, ParagraphBlock, YoutubeBlock } from '../../../lib/columns/types';
  10 | import { extractYouTubeId, youtubeThumbnailUrl } from '../../../lib/youtube';
  11 |

The export hasHighlight was not found in module [project]/app/lib/columns/inline.ts [app-ssr] (ecmascript).
Did you mean to import inlineToPlainText?
All exports of the module are statically known (It doesn't have dynamic exports). So it's known statically that the requested export doesn't exist.

Import traces:
  Client Component Browser:
    ./app/admin/components/BlockEditorItem/BlockEditorItem.tsx [Client Component Browser]
    ./app/admin/components/BlockEditor/BlockEditor.tsx [Client Component Browser]
    ./app/admin/components/ColumnEditor/ColumnEditor.tsx [Client Component Browser]
    ./app/admin/components/ColumnEditor/ColumnEditor.tsx [Server Component]
    ./app/admin/(protected)/columns/[id]/edit/page.tsx [Server Component]

  Client Component SSR:
    ./app/admin/components/BlockEditorItem/BlockEditorItem.tsx [Client Component SSR]
    ./app/admin/components/BlockEditor/BlockEditor.tsx [Client Component SSR]
    ./app/admin/components/ColumnEditor/ColumnEditor.tsx [Client Component SSR]
    ./app/admin/components/ColumnEditor/ColumnEditor.tsx [Server Component]
    ./app/admin/(protected)/columns/[id]/edit/page.tsx [Server Component] @ http://localhost:3000/_next/static/chunks/node_modules_next_dist_f3530cac._.js:3127
[ -288873ms] [ERROR] ./app/admin/components/BlockEditorItem/BlockEditorItem.tsx:8:1
Export parseInlineText doesn't exist in target module
   6 | import ImageUploadField from '../ImageUploadField';
   7 | import { COLUMN_LIMITS } from '../../../lib/columns/constants';
>  8 | import { hasHighlight, parseInlineText, toggleHighlight } from '../../../lib/columns/inline';
     | ^^^^^^^^^^^^^^^^^^^^^^^^^^^^^^^^^^^^^^^^^^^^^^^^^^^^^^^^^^^^^^^^^^^^^^^^^^^^^^^^^^^^^^^^^^^^^
   9 | import type { ColumnBlock, ParagraphBlock, YoutubeBlock } from '../../../lib/columns/types';
  10 | import { extractYouTubeId, youtubeThumbnailUrl } from '../../../lib/youtube';
  11 |

The export parseInlineText was not found in module [project]/app/lib/columns/inline.ts [app-client] (ecmascript).
Did you mean to import parseInlineContent?
All exports of the module are statically known (It doesn't have dynamic exports). So it's known statically that the requested export doesn't exist.

Import traces:
  Client Component Browser:
    ./app/admin/components/BlockEditorItem/BlockEditorItem.tsx [Client Component Browser]
    ./app/admin/components/BlockEditor/BlockEditor.tsx [Client Component Browser]
    ./app/admin/components/ColumnEditor/ColumnEditor.tsx [Client Component Browser]
    ./app/admin/components/ColumnEditor/ColumnEditor.tsx [Server Component]
    ./app/admin/(protected)/columns/[id]/edit/page.tsx [Server Component]

  Client Component SSR:
    ./app/admin/components/BlockEditorItem/BlockEditorItem.tsx [Client Component SSR]
    ./app/admin/components/BlockEditor/BlockEditor.tsx [Client Component SSR]
    ./app/admin/components/ColumnEditor/ColumnEditor.tsx [Client Component SSR]
    ./app/admin/components/ColumnEditor/ColumnEditor.tsx [Server Component]
    ./app/admin/(protected)/columns/[id]/edit/page.tsx [Server Component] @ http://localhost:3000/_next/static/chunks/node_modules_next_dist_f3530cac._.js:3127
[ -288873ms] [ERROR] ./app/admin/components/BlockEditorItem/BlockEditorItem.tsx:8:1
Export parseInlineText doesn't exist in target module
   6 | import ImageUploadField from '../ImageUploadField';
   7 | import { COLUMN_LIMITS } from '../../../lib/columns/constants';
>  8 | import { hasHighlight, parseInlineText, toggleHighlight } from '../../../lib/columns/inline';
     | ^^^^^^^^^^^^^^^^^^^^^^^^^^^^^^^^^^^^^^^^^^^^^^^^^^^^^^^^^^^^^^^^^^^^^^^^^^^^^^^^^^^^^^^^^^^^^
   9 | import type { ColumnBlock, ParagraphBlock, YoutubeBlock } from '../../../lib/columns/types';
  10 | import { extractYouTubeId, youtubeThumbnailUrl } from '../../../lib/youtube';
  11 |

The export parseInlineText was not found in module [project]/app/lib/columns/inline.ts [app-ssr] (ecmascript).
Did you mean to import parseInlineContent?
All exports of the module are statically known (It doesn't have dynamic exports). So it's known statically that the requested export doesn't exist.

Import traces:
  Client Component Browser:
    ./app/admin/components/BlockEditorItem/BlockEditorItem.tsx [Client Component Browser]
    ./app/admin/components/BlockEditor/BlockEditor.tsx [Client Component Browser]
    ./app/admin/components/ColumnEditor/ColumnEditor.tsx [Client Component Browser]
    ./app/admin/components/ColumnEditor/ColumnEditor.tsx [Server Component]
    ./app/admin/(protected)/columns/[id]/edit/page.tsx [Server Component]

  Client Component SSR:
    ./app/admin/components/BlockEditorItem/BlockEditorItem.tsx [Client Component SSR]
    ./app/admin/components/BlockEditor/BlockEditor.tsx [Client Component SSR]
    ./app/admin/components/ColumnEditor/ColumnEditor.tsx [Client Component SSR]
    ./app/admin/components/ColumnEditor/ColumnEditor.tsx [Server Component]
    ./app/admin/(protected)/columns/[id]/edit/page.tsx [Server Component] @ http://localhost:3000/_next/static/chunks/node_modules_next_dist_f3530cac._.js:3127
[ -288872ms] [ERROR] ./app/admin/components/BlockEditorItem/BlockEditorItem.tsx:8:1
Export toggleHighlight doesn't exist in target module
   6 | import ImageUploadField from '../ImageUploadField';
   7 | import { COLUMN_LIMITS } from '../../../lib/columns/constants';
>  8 | import { hasHighlight, parseInlineText, toggleHighlight } from '../../../lib/columns/inline';
     | ^^^^^^^^^^^^^^^^^^^^^^^^^^^^^^^^^^^^^^^^^^^^^^^^^^^^^^^^^^^^^^^^^^^^^^^^^^^^^^^^^^^^^^^^^^^^^
   9 | import type { ColumnBlock, ParagraphBlock, YoutubeBlock } from '../../../lib/columns/types';
  10 | import { extractYouTubeId, youtubeThumbnailUrl } from '../../../lib/youtube';
  11 |

The export toggleHighlight was not found in module [project]/app/lib/columns/inline.ts [app-client] (ecmascript).
Did you mean to import inlineToPlainText?
All exports of the module are statically known (It doesn't have dynamic exports). So it's known statically that the requested export doesn't exist.

Import traces:
  Client Component Browser:
    ./app/admin/components/BlockEditorItem/BlockEditorItem.tsx [Client Component Browser]
    ./app/admin/components/BlockEditor/BlockEditor.tsx [Client Component Browser]
    ./app/admin/components/ColumnEditor/ColumnEditor.tsx [Client Component Browser]
    ./app/admin/components/ColumnEditor/ColumnEditor.tsx [Server Component]
    ./app/admin/(protected)/columns/[id]/edit/page.tsx [Server Component]

  Client Component SSR:
    ./app/admin/components/BlockEditorItem/BlockEditorItem.tsx [Client Component SSR]
    ./app/admin/components/BlockEditor/BlockEditor.tsx [Client Component SSR]
    ./app/admin/components/ColumnEditor/ColumnEditor.tsx [Client Component SSR]
    ./app/admin/components/ColumnEditor/ColumnEditor.tsx [Server Component]
    ./app/admin/(protected)/columns/[id]/edit/page.tsx [Server Component] @ http://localhost:3000/_next/static/chunks/node_modules_next_dist_f3530cac._.js:3127
[ -288872ms] [ERROR] ./app/admin/components/BlockEditorItem/BlockEditorItem.tsx:8:1
Export toggleHighlight doesn't exist in target module
   6 | import ImageUploadField from '../ImageUploadField';
   7 | import { COLUMN_LIMITS } from '../../../lib/columns/constants';
>  8 | import { hasHighlight, parseInlineText, toggleHighlight } from '../../../lib/columns/inline';
     | ^^^^^^^^^^^^^^^^^^^^^^^^^^^^^^^^^^^^^^^^^^^^^^^^^^^^^^^^^^^^^^^^^^^^^^^^^^^^^^^^^^^^^^^^^^^^^
   9 | import type { ColumnBlock, ParagraphBlock, YoutubeBlock } from '../../../lib/columns/types';
  10 | import { extractYouTubeId, youtubeThumbnailUrl } from '../../../lib/youtube';
  11 |

The export toggleHighlight was not found in module [project]/app/lib/columns/inline.ts [app-ssr] (ecmascript).
Did you mean to import inlineToPlainText?
All exports of the module are statically known (It doesn't have dynamic exports). So it's known statically that the requested export doesn't exist.

Import traces:
  Client Component Browser:
    ./app/admin/components/BlockEditorItem/BlockEditorItem.tsx [Client Component Browser]
    ./app/admin/components/BlockEditor/BlockEditor.tsx [Client Component Browser]
    ./app/admin/components/ColumnEditor/ColumnEditor.tsx [Client Component Browser]
    ./app/admin/components/ColumnEditor/ColumnEditor.tsx [Server Component]
    ./app/admin/(protected)/columns/[id]/edit/page.tsx [Server Component]

  Client Component SSR:
    ./app/admin/components/BlockEditorItem/BlockEditorItem.tsx [Client Component SSR]
    ./app/admin/components/BlockEditor/BlockEditor.tsx [Client Component SSR]
    ./app/admin/components/ColumnEditor/ColumnEditor.tsx [Client Component SSR]
    ./app/admin/components/ColumnEditor/ColumnEditor.tsx [Server Component]
    ./app/admin/(protected)/columns/[id]/edit/page.tsx [Server Component] @ http://localhost:3000/_next/static/chunks/node_modules_next_dist_f3530cac._.js:3127
[ -288839ms] [LOG] [Fast Refresh] rebuilding @ http://localhost:3000/_next/static/chunks/node_modules_next_dist_f3530cac._.js:2297
[ -284417ms] [ERROR] ./app/admin/components/BlockEditorItem/BlockEditorItem.tsx:8:1
Export hasHighlight doesn't exist in target module
   6 | import ImageUploadField from '../ImageUploadField';
   7 | import { COLUMN_LIMITS } from '../../../lib/columns/constants';
>  8 | import { hasHighlight, parseInlineText, toggleHighlight } from '../../../lib/columns/inline';
     | ^^^^^^^^^^^^^^^^^^^^^^^^^^^^^^^^^^^^^^^^^^^^^^^^^^^^^^^^^^^^^^^^^^^^^^^^^^^^^^^^^^^^^^^^^^^^^
   9 | import type { ColumnBlock, ParagraphBlock, YoutubeBlock } from '../../../lib/columns/types';
  10 | import { extractYouTubeId, youtubeThumbnailUrl } from '../../../lib/youtube';
  11 |

The export hasHighlight was not found in module [project]/app/lib/columns/inline.ts [app-client] (ecmascript).
Did you mean to import inlineToPlainText?
All exports of the module are statically known (It doesn't have dynamic exports). So it's known statically that the requested export doesn't exist.

Import traces:
  Client Component Browser:
    ./app/admin/components/BlockEditorItem/BlockEditorItem.tsx [Client Component Browser]
    ./app/admin/components/BlockEditor/BlockEditor.tsx [Client Component Browser]
    ./app/admin/components/ColumnEditor/ColumnEditor.tsx [Client Component Browser]
    ./app/admin/components/ColumnEditor/ColumnEditor.tsx [Server Component]
    ./app/admin/(protected)/columns/[id]/edit/page.tsx [Server Component]

  Client Component SSR:
    ./app/admin/components/BlockEditorItem/BlockEditorItem.tsx [Client Component SSR]
    ./app/admin/components/BlockEditor/BlockEditor.tsx [Client Component SSR]
    ./app/admin/components/ColumnEditor/ColumnEditor.tsx [Client Component SSR]
    ./app/admin/components/ColumnEditor/ColumnEditor.tsx [Server Component]
    ./app/admin/(protected)/columns/[id]/edit/page.tsx [Server Component] @ http://localhost:3000/_next/static/chunks/node_modules_next_dist_f3530cac._.js:3127
[ -284417ms] [ERROR] ./app/admin/components/BlockEditorItem/BlockEditorItem.tsx:8:1
Export hasHighlight doesn't exist in target module
   6 | import ImageUploadField from '../ImageUploadField';
   7 | import { COLUMN_LIMITS } from '../../../lib/columns/constants';
>  8 | import { hasHighlight, parseInlineText, toggleHighlight } from '../../../lib/columns/inline';
     | ^^^^^^^^^^^^^^^^^^^^^^^^^^^^^^^^^^^^^^^^^^^^^^^^^^^^^^^^^^^^^^^^^^^^^^^^^^^^^^^^^^^^^^^^^^^^^
   9 | import type { ColumnBlock, ParagraphBlock, YoutubeBlock } from '../../../lib/columns/types';
  10 | import { extractYouTubeId, youtubeThumbnailUrl } from '../../../lib/youtube';
  11 |

The export hasHighlight was not found in module [project]/app/lib/columns/inline.ts [app-ssr] (ecmascript).
Did you mean to import inlineToPlainText?
All exports of the module are statically known (It doesn't have dynamic exports). So it's known statically that the requested export doesn't exist.

Import traces:
  Client Component Browser:
    ./app/admin/components/BlockEditorItem/BlockEditorItem.tsx [Client Component Browser]
    ./app/admin/components/BlockEditor/BlockEditor.tsx [Client Component Browser]
    ./app/admin/components/ColumnEditor/ColumnEditor.tsx [Client Component Browser]
    ./app/admin/components/ColumnEditor/ColumnEditor.tsx [Server Component]
    ./app/admin/(protected)/columns/[id]/edit/page.tsx [Server Component]

  Client Component SSR:
    ./app/admin/components/BlockEditorItem/BlockEditorItem.tsx [Client Component SSR]
    ./app/admin/components/BlockEditor/BlockEditor.tsx [Client Component SSR]
    ./app/admin/components/ColumnEditor/ColumnEditor.tsx [Client Component SSR]
    ./app/admin/components/ColumnEditor/ColumnEditor.tsx [Server Component]
    ./app/admin/(protected)/columns/[id]/edit/page.tsx [Server Component] @ http://localhost:3000/_next/static/chunks/node_modules_next_dist_f3530cac._.js:3127
[ -284417ms] [ERROR] ./app/admin/components/BlockEditorItem/BlockEditorItem.tsx:8:1
Export parseInlineText doesn't exist in target module
   6 | import ImageUploadField from '../ImageUploadField';
   7 | import { COLUMN_LIMITS } from '../../../lib/columns/constants';
>  8 | import { hasHighlight, parseInlineText, toggleHighlight } from '../../../lib/columns/inline';
     | ^^^^^^^^^^^^^^^^^^^^^^^^^^^^^^^^^^^^^^^^^^^^^^^^^^^^^^^^^^^^^^^^^^^^^^^^^^^^^^^^^^^^^^^^^^^^^
   9 | import type { ColumnBlock, ParagraphBlock, YoutubeBlock } from '../../../lib/columns/types';
  10 | import { extractYouTubeId, youtubeThumbnailUrl } from '../../../lib/youtube';
  11 |

The export parseInlineText was not found in module [project]/app/lib/columns/inline.ts [app-client] (ecmascript).
Did you mean to import parseInlineContent?
All exports of the module are statically known (It doesn't have dynamic exports). So it's known statically that the requested export doesn't exist.

Import traces:
  Client Component Browser:
    ./app/admin/components/BlockEditorItem/BlockEditorItem.tsx [Client Component Browser]
    ./app/admin/components/BlockEditor/BlockEditor.tsx [Client Component Browser]
    ./app/admin/components/ColumnEditor/ColumnEditor.tsx [Client Component Browser]
    ./app/admin/components/ColumnEditor/ColumnEditor.tsx [Server Component]
    ./app/admin/(protected)/columns/[id]/edit/page.tsx [Server Component]

  Client Component SSR:
    ./app/admin/components/BlockEditorItem/BlockEditorItem.tsx [Client Component SSR]
    ./app/admin/components/BlockEditor/BlockEditor.tsx [Client Component SSR]
    ./app/admin/components/ColumnEditor/ColumnEditor.tsx [Client Component SSR]
    ./app/admin/components/ColumnEditor/ColumnEditor.tsx [Server Component]
    ./app/admin/(protected)/columns/[id]/edit/page.tsx [Server Component] @ http://localhost:3000/_next/static/chunks/node_modules_next_dist_f3530cac._.js:3127
[ -284417ms] [ERROR] ./app/admin/components/BlockEditorItem/BlockEditorItem.tsx:8:1
Export parseInlineText doesn't exist in target module
   6 | import ImageUploadField from '../ImageUploadField';
   7 | import { COLUMN_LIMITS } from '../../../lib/columns/constants';
>  8 | import { hasHighlight, parseInlineText, toggleHighlight } from '../../../lib/columns/inline';
     | ^^^^^^^^^^^^^^^^^^^^^^^^^^^^^^^^^^^^^^^^^^^^^^^^^^^^^^^^^^^^^^^^^^^^^^^^^^^^^^^^^^^^^^^^^^^^^
   9 | import type { ColumnBlock, ParagraphBlock, YoutubeBlock } from '../../../lib/columns/types';
  10 | import { extractYouTubeId, youtubeThumbnailUrl } from '../../../lib/youtube';
  11 |

The export parseInlineText was not found in module [project]/app/lib/columns/inline.ts [app-ssr] (ecmascript).
Did you mean to import parseInlineContent?
All exports of the module are statically known (It doesn't have dynamic exports). So it's known statically that the requested export doesn't exist.

Import traces:
  Client Component Browser:
    ./app/admin/components/BlockEditorItem/BlockEditorItem.tsx [Client Component Browser]
    ./app/admin/components/BlockEditor/BlockEditor.tsx [Client Component Browser]
    ./app/admin/components/ColumnEditor/ColumnEditor.tsx [Client Component Browser]
    ./app/admin/components/ColumnEditor/ColumnEditor.tsx [Server Component]
    ./app/admin/(protected)/columns/[id]/edit/page.tsx [Server Component]

  Client Component SSR:
    ./app/admin/components/BlockEditorItem/BlockEditorItem.tsx [Client Component SSR]
    ./app/admin/components/BlockEditor/BlockEditor.tsx [Client Component SSR]
    ./app/admin/components/ColumnEditor/ColumnEditor.tsx [Client Component SSR]
    ./app/admin/components/ColumnEditor/ColumnEditor.tsx [Server Component]
    ./app/admin/(protected)/columns/[id]/edit/page.tsx [Server Component] @ http://localhost:3000/_next/static/chunks/node_modules_next_dist_f3530cac._.js:3127
[ -284417ms] [ERROR] ./app/admin/components/BlockEditorItem/BlockEditorItem.tsx:8:1
Export toggleHighlight doesn't exist in target module
   6 | import ImageUploadField from '../ImageUploadField';
   7 | import { COLUMN_LIMITS } from '../../../lib/columns/constants';
>  8 | import { hasHighlight, parseInlineText, toggleHighlight } from '../../../lib/columns/inline';
     | ^^^^^^^^^^^^^^^^^^^^^^^^^^^^^^^^^^^^^^^^^^^^^^^^^^^^^^^^^^^^^^^^^^^^^^^^^^^^^^^^^^^^^^^^^^^^^
   9 | import type { ColumnBlock, ParagraphBlock, YoutubeBlock } from '../../../lib/columns/types';
  10 | import { extractYouTubeId, youtubeThumbnailUrl } from '../../../lib/youtube';
  11 |

The export toggleHighlight was not found in module [project]/app/lib/columns/inline.ts [app-client] (ecmascript).
Did you mean to import inlineToPlainText?
All exports of the module are statically known (It doesn't have dynamic exports). So it's known statically that the requested export doesn't exist.

Import traces:
  Client Component Browser:
    ./app/admin/components/BlockEditorItem/BlockEditorItem.tsx [Client Component Browser]
    ./app/admin/components/BlockEditor/BlockEditor.tsx [Client Component Browser]
    ./app/admin/components/ColumnEditor/ColumnEditor.tsx [Client Component Browser]
    ./app/admin/components/ColumnEditor/ColumnEditor.tsx [Server Component]
    ./app/admin/(protected)/columns/[id]/edit/page.tsx [Server Component]

  Client Component SSR:
    ./app/admin/components/BlockEditorItem/BlockEditorItem.tsx [Client Component SSR]
    ./app/admin/components/BlockEditor/BlockEditor.tsx [Client Component SSR]
    ./app/admin/components/ColumnEditor/ColumnEditor.tsx [Client Component SSR]
    ./app/admin/components/ColumnEditor/ColumnEditor.tsx [Server Component]
    ./app/admin/(protected)/columns/[id]/edit/page.tsx [Server Component] @ http://localhost:3000/_next/static/chunks/node_modules_next_dist_f3530cac._.js:3127
[ -284417ms] [ERROR] ./app/admin/components/BlockEditorItem/BlockEditorItem.tsx:8:1
Export toggleHighlight doesn't exist in target module
   6 | import ImageUploadField from '../ImageUploadField';
   7 | import { COLUMN_LIMITS } from '../../../lib/columns/constants';
>  8 | import { hasHighlight, parseInlineText, toggleHighlight } from '../../../lib/columns/inline';
     | ^^^^^^^^^^^^^^^^^^^^^^^^^^^^^^^^^^^^^^^^^^^^^^^^^^^^^^^^^^^^^^^^^^^^^^^^^^^^^^^^^^^^^^^^^^^^^
   9 | import type { ColumnBlock, ParagraphBlock, YoutubeBlock } from '../../../lib/columns/types';
  10 | import { extractYouTubeId, youtubeThumbnailUrl } from '../../../lib/youtube';
  11 |

The export toggleHighlight was not found in module [project]/app/lib/columns/inline.ts [app-ssr] (ecmascript).
Did you mean to import inlineToPlainText?
All exports of the module are statically known (It doesn't have dynamic exports). So it's known statically that the requested export doesn't exist.

Import traces:
  Client Component Browser:
    ./app/admin/components/BlockEditorItem/BlockEditorItem.tsx [Client Component Browser]
    ./app/admin/components/BlockEditor/BlockEditor.tsx [Client Component Browser]
    ./app/admin/components/ColumnEditor/ColumnEditor.tsx [Client Component Browser]
    ./app/admin/components/ColumnEditor/ColumnEditor.tsx [Server Component]
    ./app/admin/(protected)/columns/[id]/edit/page.tsx [Server Component]

  Client Component SSR:
    ./app/admin/components/BlockEditorItem/BlockEditorItem.tsx [Client Component SSR]
    ./app/admin/components/BlockEditor/BlockEditor.tsx [Client Component SSR]
    ./app/admin/components/ColumnEditor/ColumnEditor.tsx [Client Component SSR]
    ./app/admin/components/ColumnEditor/ColumnEditor.tsx [Server Component]
    ./app/admin/(protected)/columns/[id]/edit/page.tsx [Server Component] @ http://localhost:3000/_next/static/chunks/node_modules_next_dist_f3530cac._.js:3127
[ -284374ms] [LOG] [Fast Refresh] rebuilding @ http://localhost:3000/_next/static/chunks/node_modules_next_dist_f3530cac._.js:2297
[ -278654ms] [ERROR] ./app/admin/components/BlockEditorItem/BlockEditorItem.tsx:8:1
Export hasHighlight doesn't exist in target module
   6 | import ImageUploadField from '../ImageUploadField';
   7 | import { COLUMN_LIMITS } from '../../../lib/columns/constants';
>  8 | import { hasHighlight, parseInlineText, toggleHighlight } from '../../../lib/columns/inline';
     | ^^^^^^^^^^^^^^^^^^^^^^^^^^^^^^^^^^^^^^^^^^^^^^^^^^^^^^^^^^^^^^^^^^^^^^^^^^^^^^^^^^^^^^^^^^^^^
   9 | import type { ColumnBlock, ParagraphBlock, YoutubeBlock } from '../../../lib/columns/types';
  10 | import { extractYouTubeId, youtubeThumbnailUrl } from '../../../lib/youtube';
  11 |

The export hasHighlight was not found in module [project]/app/lib/columns/inline.ts [app-client] (ecmascript).
Did you mean to import inlineToPlainText?
All exports of the module are statically known (It doesn't have dynamic exports). So it's known statically that the requested export doesn't exist.

Import traces:
  Client Component Browser:
    ./app/admin/components/BlockEditorItem/BlockEditorItem.tsx [Client Component Browser]
    ./app/admin/components/BlockEditor/BlockEditor.tsx [Client Component Browser]
    ./app/admin/components/ColumnEditor/ColumnEditor.tsx [Client Component Browser]
    ./app/admin/components/ColumnEditor/ColumnEditor.tsx [Server Component]
    ./app/admin/(protected)/columns/[id]/edit/page.tsx [Server Component]

  Client Component SSR:
    ./app/admin/components/BlockEditorItem/BlockEditorItem.tsx [Client Component SSR]
    ./app/admin/components/BlockEditor/BlockEditor.tsx [Client Component SSR]
    ./app/admin/components/ColumnEditor/ColumnEditor.tsx [Client Component SSR]
    ./app/admin/components/ColumnEditor/ColumnEditor.tsx [Server Component]
    ./app/admin/(protected)/columns/[id]/edit/page.tsx [Server Component] @ http://localhost:3000/_next/static/chunks/node_modules_next_dist_f3530cac._.js:3127
[ -278653ms] [ERROR] ./app/admin/components/BlockEditorItem/BlockEditorItem.tsx:8:1
Export hasHighlight doesn't exist in target module
   6 | import ImageUploadField from '../ImageUploadField';
   7 | import { COLUMN_LIMITS } from '../../../lib/columns/constants';
>  8 | import { hasHighlight, parseInlineText, toggleHighlight } from '../../../lib/columns/inline';
     | ^^^^^^^^^^^^^^^^^^^^^^^^^^^^^^^^^^^^^^^^^^^^^^^^^^^^^^^^^^^^^^^^^^^^^^^^^^^^^^^^^^^^^^^^^^^^^
   9 | import type { ColumnBlock, ParagraphBlock, YoutubeBlock } from '../../../lib/columns/types';
  10 | import { extractYouTubeId, youtubeThumbnailUrl } from '../../../lib/youtube';
  11 |

The export hasHighlight was not found in module [project]/app/lib/columns/inline.ts [app-ssr] (ecmascript).
Did you mean to import inlineToPlainText?
All exports of the module are statically known (It doesn't have dynamic exports). So it's known statically that the requested export doesn't exist.

Import traces:
  Client Component Browser:
    ./app/admin/components/BlockEditorItem/BlockEditorItem.tsx [Client Component Browser]
    ./app/admin/components/BlockEditor/BlockEditor.tsx [Client Component Browser]
    ./app/admin/components/ColumnEditor/ColumnEditor.tsx [Client Component Browser]
    ./app/admin/components/ColumnEditor/ColumnEditor.tsx [Server Component]
    ./app/admin/(protected)/columns/[id]/edit/page.tsx [Server Component]

  Client Component SSR:
    ./app/admin/components/BlockEditorItem/BlockEditorItem.tsx [Client Component SSR]
    ./app/admin/components/BlockEditor/BlockEditor.tsx [Client Component SSR]
    ./app/admin/components/ColumnEditor/ColumnEditor.tsx [Client Component SSR]
    ./app/admin/components/ColumnEditor/ColumnEditor.tsx [Server Component]
    ./app/admin/(protected)/columns/[id]/edit/page.tsx [Server Component] @ http://localhost:3000/_next/static/chunks/node_modules_next_dist_f3530cac._.js:3127
[ -278653ms] [ERROR] ./app/admin/components/BlockEditorItem/BlockEditorItem.tsx:8:1
Export parseInlineText doesn't exist in target module
   6 | import ImageUploadField from '../ImageUploadField';
   7 | import { COLUMN_LIMITS } from '../../../lib/columns/constants';
>  8 | import { hasHighlight, parseInlineText, toggleHighlight } from '../../../lib/columns/inline';
     | ^^^^^^^^^^^^^^^^^^^^^^^^^^^^^^^^^^^^^^^^^^^^^^^^^^^^^^^^^^^^^^^^^^^^^^^^^^^^^^^^^^^^^^^^^^^^^
   9 | import type { ColumnBlock, ParagraphBlock, YoutubeBlock } from '../../../lib/columns/types';
  10 | import { extractYouTubeId, youtubeThumbnailUrl } from '../../../lib/youtube';
  11 |

The export parseInlineText was not found in module [project]/app/lib/columns/inline.ts [app-client] (ecmascript).
Did you mean to import parseInlineContent?
All exports of the module are statically known (It doesn't have dynamic exports). So it's known statically that the requested export doesn't exist.

Import traces:
  Client Component Browser:
    ./app/admin/components/BlockEditorItem/BlockEditorItem.tsx [Client Component Browser]
    ./app/admin/components/BlockEditor/BlockEditor.tsx [Client Component Browser]
    ./app/admin/components/ColumnEditor/ColumnEditor.tsx [Client Component Browser]
    ./app/admin/components/ColumnEditor/ColumnEditor.tsx [Server Component]
    ./app/admin/(protected)/columns/[id]/edit/page.tsx [Server Component]

  Client Component SSR:
    ./app/admin/components/BlockEditorItem/BlockEditorItem.tsx [Client Component SSR]
    ./app/admin/components/BlockEditor/BlockEditor.tsx [Client Component SSR]
    ./app/admin/components/ColumnEditor/ColumnEditor.tsx [Client Component SSR]
    ./app/admin/components/ColumnEditor/ColumnEditor.tsx [Server Component]
    ./app/admin/(protected)/columns/[id]/edit/page.tsx [Server Component] @ http://localhost:3000/_next/static/chunks/node_modules_next_dist_f3530cac._.js:3127
[ -278653ms] [ERROR] ./app/admin/components/BlockEditorItem/BlockEditorItem.tsx:8:1
Export parseInlineText doesn't exist in target module
   6 | import ImageUploadField from '../ImageUploadField';
   7 | import { COLUMN_LIMITS } from '../../../lib/columns/constants';
>  8 | import { hasHighlight, parseInlineText, toggleHighlight } from '../../../lib/columns/inline';
     | ^^^^^^^^^^^^^^^^^^^^^^^^^^^^^^^^^^^^^^^^^^^^^^^^^^^^^^^^^^^^^^^^^^^^^^^^^^^^^^^^^^^^^^^^^^^^^
   9 | import type { ColumnBlock, ParagraphBlock, YoutubeBlock } from '../../../lib/columns/types';
  10 | import { extractYouTubeId, youtubeThumbnailUrl } from '../../../lib/youtube';
  11 |

The export parseInlineText was not found in module [project]/app/lib/columns/inline.ts [app-ssr] (ecmascript).
Did you mean to import parseInlineContent?
All exports of the module are statically known (It doesn't have dynamic exports). So it's known statically that the requested export doesn't exist.

Import traces:
  Client Component Browser:
    ./app/admin/components/BlockEditorItem/BlockEditorItem.tsx [Client Component Browser]
    ./app/admin/components/BlockEditor/BlockEditor.tsx [Client Component Browser]
    ./app/admin/components/ColumnEditor/ColumnEditor.tsx [Client Component Browser]
    ./app/admin/components/ColumnEditor/ColumnEditor.tsx [Server Component]
    ./app/admin/(protected)/columns/[id]/edit/page.tsx [Server Component]

  Client Component SSR:
    ./app/admin/components/BlockEditorItem/BlockEditorItem.tsx [Client Component SSR]
    ./app/admin/components/BlockEditor/BlockEditor.tsx [Client Component SSR]
    ./app/admin/components/ColumnEditor/ColumnEditor.tsx [Client Component SSR]
    ./app/admin/components/ColumnEditor/ColumnEditor.tsx [Server Component]
    ./app/admin/(protected)/columns/[id]/edit/page.tsx [Server Component] @ http://localhost:3000/_next/static/chunks/node_modules_next_dist_f3530cac._.js:3127
[ -278653ms] [ERROR] ./app/admin/components/BlockEditorItem/BlockEditorItem.tsx:8:1
Export toggleHighlight doesn't exist in target module
   6 | import ImageUploadField from '../ImageUploadField';
   7 | import { COLUMN_LIMITS } from '../../../lib/columns/constants';
>  8 | import { hasHighlight, parseInlineText, toggleHighlight } from '../../../lib/columns/inline';
     | ^^^^^^^^^^^^^^^^^^^^^^^^^^^^^^^^^^^^^^^^^^^^^^^^^^^^^^^^^^^^^^^^^^^^^^^^^^^^^^^^^^^^^^^^^^^^^
   9 | import type { ColumnBlock, ParagraphBlock, YoutubeBlock } from '../../../lib/columns/types';
  10 | import { extractYouTubeId, youtubeThumbnailUrl } from '../../../lib/youtube';
  11 |

The export toggleHighlight was not found in module [project]/app/lib/columns/inline.ts [app-client] (ecmascript).
Did you mean to import inlineToPlainText?
All exports of the module are statically known (It doesn't have dynamic exports). So it's known statically that the requested export doesn't exist.

Import traces:
  Client Component Browser:
    ./app/admin/components/BlockEditorItem/BlockEditorItem.tsx [Client Component Browser]
    ./app/admin/components/BlockEditor/BlockEditor.tsx [Client Component Browser]
    ./app/admin/components/ColumnEditor/ColumnEditor.tsx [Client Component Browser]
    ./app/admin/components/ColumnEditor/ColumnEditor.tsx [Server Component]
    ./app/admin/(protected)/columns/[id]/edit/page.tsx [Server Component]

  Client Component SSR:
    ./app/admin/components/BlockEditorItem/BlockEditorItem.tsx [Client Component SSR]
    ./app/admin/components/BlockEditor/BlockEditor.tsx [Client Component SSR]
    ./app/admin/components/ColumnEditor/ColumnEditor.tsx [Client Component SSR]
    ./app/admin/components/ColumnEditor/ColumnEditor.tsx [Server Component]
    ./app/admin/(protected)/columns/[id]/edit/page.tsx [Server Component] @ http://localhost:3000/_next/static/chunks/node_modules_next_dist_f3530cac._.js:3127
[ -278653ms] [ERROR] ./app/admin/components/BlockEditorItem/BlockEditorItem.tsx:8:1
Export toggleHighlight doesn't exist in target module
   6 | import ImageUploadField from '../ImageUploadField';
   7 | import { COLUMN_LIMITS } from '../../../lib/columns/constants';
>  8 | import { hasHighlight, parseInlineText, toggleHighlight } from '../../../lib/columns/inline';
     | ^^^^^^^^^^^^^^^^^^^^^^^^^^^^^^^^^^^^^^^^^^^^^^^^^^^^^^^^^^^^^^^^^^^^^^^^^^^^^^^^^^^^^^^^^^^^^
   9 | import type { ColumnBlock, ParagraphBlock, YoutubeBlock } from '../../../lib/columns/types';
  10 | import { extractYouTubeId, youtubeThumbnailUrl } from '../../../lib/youtube';
  11 |

The export toggleHighlight was not found in module [project]/app/lib/columns/inline.ts [app-ssr] (ecmascript).
Did you mean to import inlineToPlainText?
All exports of the module are statically known (It doesn't have dynamic exports). So it's known statically that the requested export doesn't exist.

Import traces:
  Client Component Browser:
    ./app/admin/components/BlockEditorItem/BlockEditorItem.tsx [Client Component Browser]
    ./app/admin/components/BlockEditor/BlockEditor.tsx [Client Component Browser]
    ./app/admin/components/ColumnEditor/ColumnEditor.tsx [Client Component Browser]
    ./app/admin/components/ColumnEditor/ColumnEditor.tsx [Server Component]
    ./app/admin/(protected)/columns/[id]/edit/page.tsx [Server Component]

  Client Component SSR:
    ./app/admin/components/BlockEditorItem/BlockEditorItem.tsx [Client Component SSR]
    ./app/admin/components/BlockEditor/BlockEditor.tsx [Client Component SSR]
    ./app/admin/components/ColumnEditor/ColumnEditor.tsx [Client Component SSR]
    ./app/admin/components/ColumnEditor/ColumnEditor.tsx [Server Component]
    ./app/admin/(protected)/columns/[id]/edit/page.tsx [Server Component] @ http://localhost:3000/_next/static/chunks/node_modules_next_dist_f3530cac._.js:3127
[ -278610ms] [LOG] [Fast Refresh] rebuilding @ http://localhost:3000/_next/static/chunks/node_modules_next_dist_f3530cac._.js:2297
[ -272577ms] [ERROR] ./app/admin/components/BlockEditorItem/BlockEditorItem.tsx:8:1
Export hasHighlight doesn't exist in target module
   6 | import ImageUploadField from '../ImageUploadField';
   7 | import { COLUMN_LIMITS } from '../../../lib/columns/constants';
>  8 | import { hasHighlight, parseInlineText, toggleHighlight } from '../../../lib/columns/inline';
     | ^^^^^^^^^^^^^^^^^^^^^^^^^^^^^^^^^^^^^^^^^^^^^^^^^^^^^^^^^^^^^^^^^^^^^^^^^^^^^^^^^^^^^^^^^^^^^
   9 | import type { ColumnBlock, ParagraphBlock, YoutubeBlock } from '../../../lib/columns/types';
  10 | import { extractYouTubeId, youtubeThumbnailUrl } from '../../../lib/youtube';
  11 |

The export hasHighlight was not found in module [project]/app/lib/columns/inline.ts [app-client] (ecmascript).
Did you mean to import inlineToPlainText?
All exports of the module are statically known (It doesn't have dynamic exports). So it's known statically that the requested export doesn't exist.

Import traces:
  Client Component Browser:
    ./app/admin/components/BlockEditorItem/BlockEditorItem.tsx [Client Component Browser]
    ./app/admin/components/BlockEditor/BlockEditor.tsx [Client Component Browser]
    ./app/admin/components/ColumnEditor/ColumnEditor.tsx [Client Component Browser]
    ./app/admin/components/ColumnEditor/ColumnEditor.tsx [Server Component]
    ./app/admin/(protected)/columns/[id]/edit/page.tsx [Server Component]

  Client Component SSR:
    ./app/admin/components/BlockEditorItem/BlockEditorItem.tsx [Client Component SSR]
    ./app/admin/components/BlockEditor/BlockEditor.tsx [Client Component SSR]
    ./app/admin/components/ColumnEditor/ColumnEditor.tsx [Client Component SSR]
    ./app/admin/components/ColumnEditor/ColumnEditor.tsx [Server Component]
    ./app/admin/(protected)/columns/[id]/edit/page.tsx [Server Component] @ http://localhost:3000/_next/static/chunks/node_modules_next_dist_f3530cac._.js:3127
[ -272577ms] [ERROR] ./app/admin/components/BlockEditorItem/BlockEditorItem.tsx:8:1
Export hasHighlight doesn't exist in target module
   6 | import ImageUploadField from '../ImageUploadField';
   7 | import { COLUMN_LIMITS } from '../../../lib/columns/constants';
>  8 | import { hasHighlight, parseInlineText, toggleHighlight } from '../../../lib/columns/inline';
     | ^^^^^^^^^^^^^^^^^^^^^^^^^^^^^^^^^^^^^^^^^^^^^^^^^^^^^^^^^^^^^^^^^^^^^^^^^^^^^^^^^^^^^^^^^^^^^
   9 | import type { ColumnBlock, ParagraphBlock, YoutubeBlock } from '../../../lib/columns/types';
  10 | import { extractYouTubeId, youtubeThumbnailUrl } from '../../../lib/youtube';
  11 |

The export hasHighlight was not found in module [project]/app/lib/columns/inline.ts [app-ssr] (ecmascript).
Did you mean to import inlineToPlainText?
All exports of the module are statically known (It doesn't have dynamic exports). So it's known statically that the requested export doesn't exist.

Import traces:
  Client Component Browser:
    ./app/admin/components/BlockEditorItem/BlockEditorItem.tsx [Client Component Browser]
    ./app/admin/components/BlockEditor/BlockEditor.tsx [Client Component Browser]
    ./app/admin/components/ColumnEditor/ColumnEditor.tsx [Client Component Browser]
    ./app/admin/components/ColumnEditor/ColumnEditor.tsx [Server Component]
    ./app/admin/(protected)/columns/[id]/edit/page.tsx [Server Component]

  Client Component SSR:
    ./app/admin/components/BlockEditorItem/BlockEditorItem.tsx [Client Component SSR]
    ./app/admin/components/BlockEditor/BlockEditor.tsx [Client Component SSR]
    ./app/admin/components/ColumnEditor/ColumnEditor.tsx [Client Component SSR]
    ./app/admin/components/ColumnEditor/ColumnEditor.tsx [Server Component]
    ./app/admin/(protected)/columns/[id]/edit/page.tsx [Server Component] @ http://localhost:3000/_next/static/chunks/node_modules_next_dist_f3530cac._.js:3127
[ -272577ms] [ERROR] ./app/admin/components/BlockEditorItem/BlockEditorItem.tsx:8:1
Export parseInlineText doesn't exist in target module
   6 | import ImageUploadField from '../ImageUploadField';
   7 | import { COLUMN_LIMITS } from '../../../lib/columns/constants';
>  8 | import { hasHighlight, parseInlineText, toggleHighlight } from '../../../lib/columns/inline';
     | ^^^^^^^^^^^^^^^^^^^^^^^^^^^^^^^^^^^^^^^^^^^^^^^^^^^^^^^^^^^^^^^^^^^^^^^^^^^^^^^^^^^^^^^^^^^^^
   9 | import type { ColumnBlock, ParagraphBlock, YoutubeBlock } from '../../../lib/columns/types';
  10 | import { extractYouTubeId, youtubeThumbnailUrl } from '../../../lib/youtube';
  11 |

The export parseInlineText was not found in module [project]/app/lib/columns/inline.ts [app-client] (ecmascript).
Did you mean to import parseInlineContent?
All exports of the module are statically known (It doesn't have dynamic exports). So it's known statically that the requested export doesn't exist.

Import traces:
  Client Component Browser:
    ./app/admin/components/BlockEditorItem/BlockEditorItem.tsx [Client Component Browser]
    ./app/admin/components/BlockEditor/BlockEditor.tsx [Client Component Browser]
    ./app/admin/components/ColumnEditor/ColumnEditor.tsx [Client Component Browser]
    ./app/admin/components/ColumnEditor/ColumnEditor.tsx [Server Component]
    ./app/admin/(protected)/columns/[id]/edit/page.tsx [Server Component]

  Client Component SSR:
    ./app/admin/components/BlockEditorItem/BlockEditorItem.tsx [Client Component SSR]
    ./app/admin/components/BlockEditor/BlockEditor.tsx [Client Component SSR]
    ./app/admin/components/ColumnEditor/ColumnEditor.tsx [Client Component SSR]
    ./app/admin/components/ColumnEditor/ColumnEditor.tsx [Server Component]
    ./app/admin/(protected)/columns/[id]/edit/page.tsx [Server Component] @ http://localhost:3000/_next/static/chunks/node_modules_next_dist_f3530cac._.js:3127
[ -272577ms] [ERROR] ./app/admin/components/BlockEditorItem/BlockEditorItem.tsx:8:1
Export parseInlineText doesn't exist in target module
   6 | import ImageUploadField from '../ImageUploadField';
   7 | import { COLUMN_LIMITS } from '../../../lib/columns/constants';
>  8 | import { hasHighlight, parseInlineText, toggleHighlight } from '../../../lib/columns/inline';
     | ^^^^^^^^^^^^^^^^^^^^^^^^^^^^^^^^^^^^^^^^^^^^^^^^^^^^^^^^^^^^^^^^^^^^^^^^^^^^^^^^^^^^^^^^^^^^^
   9 | import type { ColumnBlock, ParagraphBlock, YoutubeBlock } from '../../../lib/columns/types';
  10 | import { extractYouTubeId, youtubeThumbnailUrl } from '../../../lib/youtube';
  11 |

The export parseInlineText was not found in module [project]/app/lib/columns/inline.ts [app-ssr] (ecmascript).
Did you mean to import parseInlineContent?
All exports of the module are statically known (It doesn't have dynamic exports). So it's known statically that the requested export doesn't exist.

Import traces:
  Client Component Browser:
    ./app/admin/components/BlockEditorItem/BlockEditorItem.tsx [Client Component Browser]
    ./app/admin/components/BlockEditor/BlockEditor.tsx [Client Component Browser]
    ./app/admin/components/ColumnEditor/ColumnEditor.tsx [Client Component Browser]
    ./app/admin/components/ColumnEditor/ColumnEditor.tsx [Server Component]
    ./app/admin/(protected)/columns/[id]/edit/page.tsx [Server Component]

  Client Component SSR:
    ./app/admin/components/BlockEditorItem/BlockEditorItem.tsx [Client Component SSR]
    ./app/admin/components/BlockEditor/BlockEditor.tsx [Client Component SSR]
    ./app/admin/components/ColumnEditor/ColumnEditor.tsx [Client Component SSR]
    ./app/admin/components/ColumnEditor/ColumnEditor.tsx [Server Component]
    ./app/admin/(protected)/columns/[id]/edit/page.tsx [Server Component] @ http://localhost:3000/_next/static/chunks/node_modules_next_dist_f3530cac._.js:3127
[ -272577ms] [ERROR] ./app/admin/components/BlockEditorItem/BlockEditorItem.tsx:8:1
Export toggleHighlight doesn't exist in target module
   6 | import ImageUploadField from '../ImageUploadField';
   7 | import { COLUMN_LIMITS } from '../../../lib/columns/constants';
>  8 | import { hasHighlight, parseInlineText, toggleHighlight } from '../../../lib/columns/inline';
     | ^^^^^^^^^^^^^^^^^^^^^^^^^^^^^^^^^^^^^^^^^^^^^^^^^^^^^^^^^^^^^^^^^^^^^^^^^^^^^^^^^^^^^^^^^^^^^
   9 | import type { ColumnBlock, ParagraphBlock, YoutubeBlock } from '../../../lib/columns/types';
  10 | import { extractYouTubeId, youtubeThumbnailUrl } from '../../../lib/youtube';
  11 |

The export toggleHighlight was not found in module [project]/app/lib/columns/inline.ts [app-client] (ecmascript).
Did you mean to import inlineToPlainText?
All exports of the module are statically known (It doesn't have dynamic exports). So it's known statically that the requested export doesn't exist.

Import traces:
  Client Component Browser:
    ./app/admin/components/BlockEditorItem/BlockEditorItem.tsx [Client Component Browser]
    ./app/admin/components/BlockEditor/BlockEditor.tsx [Client Component Browser]
    ./app/admin/components/ColumnEditor/ColumnEditor.tsx [Client Component Browser]
    ./app/admin/components/ColumnEditor/ColumnEditor.tsx [Server Component]
    ./app/admin/(protected)/columns/[id]/edit/page.tsx [Server Component]

  Client Component SSR:
    ./app/admin/components/BlockEditorItem/BlockEditorItem.tsx [Client Component SSR]
    ./app/admin/components/BlockEditor/BlockEditor.tsx [Client Component SSR]
    ./app/admin/components/ColumnEditor/ColumnEditor.tsx [Client Component SSR]
    ./app/admin/components/ColumnEditor/ColumnEditor.tsx [Server Component]
    ./app/admin/(protected)/columns/[id]/edit/page.tsx [Server Component] @ http://localhost:3000/_next/static/chunks/node_modules_next_dist_f3530cac._.js:3127
[ -272577ms] [ERROR] ./app/admin/components/BlockEditorItem/BlockEditorItem.tsx:8:1
Export toggleHighlight doesn't exist in target module
   6 | import ImageUploadField from '../ImageUploadField';
   7 | import { COLUMN_LIMITS } from '../../../lib/columns/constants';
>  8 | import { hasHighlight, parseInlineText, toggleHighlight } from '../../../lib/columns/inline';
     | ^^^^^^^^^^^^^^^^^^^^^^^^^^^^^^^^^^^^^^^^^^^^^^^^^^^^^^^^^^^^^^^^^^^^^^^^^^^^^^^^^^^^^^^^^^^^^
   9 | import type { ColumnBlock, ParagraphBlock, YoutubeBlock } from '../../../lib/columns/types';
  10 | import { extractYouTubeId, youtubeThumbnailUrl } from '../../../lib/youtube';
  11 |

The export toggleHighlight was not found in module [project]/app/lib/columns/inline.ts [app-ssr] (ecmascript).
Did you mean to import inlineToPlainText?
All exports of the module are statically known (It doesn't have dynamic exports). So it's known statically that the requested export doesn't exist.

Import traces:
  Client Component Browser:
    ./app/admin/components/BlockEditorItem/BlockEditorItem.tsx [Client Component Browser]
    ./app/admin/components/BlockEditor/BlockEditor.tsx [Client Component Browser]
    ./app/admin/components/ColumnEditor/ColumnEditor.tsx [Client Component Browser]
    ./app/admin/components/ColumnEditor/ColumnEditor.tsx [Server Component]
    ./app/admin/(protected)/columns/[id]/edit/page.tsx [Server Component]

  Client Component SSR:
    ./app/admin/components/BlockEditorItem/BlockEditorItem.tsx [Client Component SSR]
    ./app/admin/components/BlockEditor/BlockEditor.tsx [Client Component SSR]
    ./app/admin/components/ColumnEditor/ColumnEditor.tsx [Client Component SSR]
    ./app/admin/components/ColumnEditor/ColumnEditor.tsx [Server Component]
    ./app/admin/(protected)/columns/[id]/edit/page.tsx [Server Component] @ http://localhost:3000/_next/static/chunks/node_modules_next_dist_f3530cac._.js:3127
[ -272537ms] [LOG] [Fast Refresh] rebuilding @ http://localhost:3000/_next/static/chunks/node_modules_next_dist_f3530cac._.js:2297
[ -232413ms] [ERROR] ./app/admin/components/BlockEditorItem/BlockEditorItem.tsx:8:1
Export hasHighlight doesn't exist in target module
   6 | import ImageUploadField from '../ImageUploadField';
   7 | import { COLUMN_LIMITS } from '../../../lib/columns/constants';
>  8 | import { hasHighlight, parseInlineText, toggleHighlight } from '../../../lib/columns/inline';
     | ^^^^^^^^^^^^^^^^^^^^^^^^^^^^^^^^^^^^^^^^^^^^^^^^^^^^^^^^^^^^^^^^^^^^^^^^^^^^^^^^^^^^^^^^^^^^^
   9 | import type { ColumnBlock, ParagraphBlock, YoutubeBlock } from '../../../lib/columns/types';
  10 | import { extractYouTubeId, youtubeThumbnailUrl } from '../../../lib/youtube';
  11 |

The export hasHighlight was not found in module [project]/app/lib/columns/inline.ts [app-client] (ecmascript).
Did you mean to import inlineToPlainText?
All exports of the module are statically known (It doesn't have dynamic exports). So it's known statically that the requested export doesn't exist.

Import traces:
  Client Component Browser:
    ./app/admin/components/BlockEditorItem/BlockEditorItem.tsx [Client Component Browser]
    ./app/admin/components/BlockEditor/BlockEditor.tsx [Client Component Browser]
    ./app/admin/components/ColumnEditor/ColumnEditor.tsx [Client Component Browser]
    ./app/admin/components/ColumnEditor/ColumnEditor.tsx [Server Component]
    ./app/admin/(protected)/columns/[id]/edit/page.tsx [Server Component]

  Client Component SSR:
    ./app/admin/components/BlockEditorItem/BlockEditorItem.tsx [Client Component SSR]
    ./app/admin/components/BlockEditor/BlockEditor.tsx [Client Component SSR]
    ./app/admin/components/ColumnEditor/ColumnEditor.tsx [Client Component SSR]
    ./app/admin/components/ColumnEditor/ColumnEditor.tsx [Server Component]
    ./app/admin/(protected)/columns/[id]/edit/page.tsx [Server Component] @ http://localhost:3000/_next/static/chunks/node_modules_next_dist_f3530cac._.js:3127
[ -232413ms] [ERROR] ./app/admin/components/BlockEditorItem/BlockEditorItem.tsx:8:1
Export hasHighlight doesn't exist in target module
   6 | import ImageUploadField from '../ImageUploadField';
   7 | import { COLUMN_LIMITS } from '../../../lib/columns/constants';
>  8 | import { hasHighlight, parseInlineText, toggleHighlight } from '../../../lib/columns/inline';
     | ^^^^^^^^^^^^^^^^^^^^^^^^^^^^^^^^^^^^^^^^^^^^^^^^^^^^^^^^^^^^^^^^^^^^^^^^^^^^^^^^^^^^^^^^^^^^^
   9 | import type { ColumnBlock, ParagraphBlock, YoutubeBlock } from '../../../lib/columns/types';
  10 | import { extractYouTubeId, youtubeThumbnailUrl } from '../../../lib/youtube';
  11 |

The export hasHighlight was not found in module [project]/app/lib/columns/inline.ts [app-ssr] (ecmascript).
Did you mean to import inlineToPlainText?
All exports of the module are statically known (It doesn't have dynamic exports). So it's known statically that the requested export doesn't exist.

Import traces:
  Client Component Browser:
    ./app/admin/components/BlockEditorItem/BlockEditorItem.tsx [Client Component Browser]
    ./app/admin/components/BlockEditor/BlockEditor.tsx [Client Component Browser]
    ./app/admin/components/ColumnEditor/ColumnEditor.tsx [Client Component Browser]
    ./app/admin/components/ColumnEditor/ColumnEditor.tsx [Server Component]
    ./app/admin/(protected)/columns/[id]/edit/page.tsx [Server Component]

  Client Component SSR:
    ./app/admin/components/BlockEditorItem/BlockEditorItem.tsx [Client Component SSR]
    ./app/admin/components/BlockEditor/BlockEditor.tsx [Client Component SSR]
    ./app/admin/components/ColumnEditor/ColumnEditor.tsx [Client Component SSR]
    ./app/admin/components/ColumnEditor/ColumnEditor.tsx [Server Component]
    ./app/admin/(protected)/columns/[id]/edit/page.tsx [Server Component] @ http://localhost:3000/_next/static/chunks/node_modules_next_dist_f3530cac._.js:3127
[ -232413ms] [ERROR] ./app/admin/components/BlockEditorItem/BlockEditorItem.tsx:8:1
Export parseInlineText doesn't exist in target module
   6 | import ImageUploadField from '../ImageUploadField';
   7 | import { COLUMN_LIMITS } from '../../../lib/columns/constants';
>  8 | import { hasHighlight, parseInlineText, toggleHighlight } from '../../../lib/columns/inline';
     | ^^^^^^^^^^^^^^^^^^^^^^^^^^^^^^^^^^^^^^^^^^^^^^^^^^^^^^^^^^^^^^^^^^^^^^^^^^^^^^^^^^^^^^^^^^^^^
   9 | import type { ColumnBlock, ParagraphBlock, YoutubeBlock } from '../../../lib/columns/types';
  10 | import { extractYouTubeId, youtubeThumbnailUrl } from '../../../lib/youtube';
  11 |

The export parseInlineText was not found in module [project]/app/lib/columns/inline.ts [app-client] (ecmascript).
Did you mean to import parseInlineContent?
All exports of the module are statically known (It doesn't have dynamic exports). So it's known statically that the requested export doesn't exist.

Import traces:
  Client Component Browser:
    ./app/admin/components/BlockEditorItem/BlockEditorItem.tsx [Client Component Browser]
    ./app/admin/components/BlockEditor/BlockEditor.tsx [Client Component Browser]
    ./app/admin/components/ColumnEditor/ColumnEditor.tsx [Client Component Browser]
    ./app/admin/components/ColumnEditor/ColumnEditor.tsx [Server Component]
    ./app/admin/(protected)/columns/[id]/edit/page.tsx [Server Component]

  Client Component SSR:
    ./app/admin/components/BlockEditorItem/BlockEditorItem.tsx [Client Component SSR]
    ./app/admin/components/BlockEditor/BlockEditor.tsx [Client Component SSR]
    ./app/admin/components/ColumnEditor/ColumnEditor.tsx [Client Component SSR]
    ./app/admin/components/ColumnEditor/ColumnEditor.tsx [Server Component]
    ./app/admin/(protected)/columns/[id]/edit/page.tsx [Server Component] @ http://localhost:3000/_next/static/chunks/node_modules_next_dist_f3530cac._.js:3127
[ -232413ms] [ERROR] ./app/admin/components/BlockEditorItem/BlockEditorItem.tsx:8:1
Export parseInlineText doesn't exist in target module
   6 | import ImageUploadField from '../ImageUploadField';
   7 | import { COLUMN_LIMITS } from '../../../lib/columns/constants';
>  8 | import { hasHighlight, parseInlineText, toggleHighlight } from '../../../lib/columns/inline';
     | ^^^^^^^^^^^^^^^^^^^^^^^^^^^^^^^^^^^^^^^^^^^^^^^^^^^^^^^^^^^^^^^^^^^^^^^^^^^^^^^^^^^^^^^^^^^^^
   9 | import type { ColumnBlock, ParagraphBlock, YoutubeBlock } from '../../../lib/columns/types';
  10 | import { extractYouTubeId, youtubeThumbnailUrl } from '../../../lib/youtube';
  11 |

The export parseInlineText was not found in module [project]/app/lib/columns/inline.ts [app-ssr] (ecmascript).
Did you mean to import parseInlineContent?
All exports of the module are statically known (It doesn't have dynamic exports). So it's known statically that the requested export doesn't exist.

Import traces:
  Client Component Browser:
    ./app/admin/components/BlockEditorItem/BlockEditorItem.tsx [Client Component Browser]
    ./app/admin/components/BlockEditor/BlockEditor.tsx [Client Component Browser]
    ./app/admin/components/ColumnEditor/ColumnEditor.tsx [Client Component Browser]
    ./app/admin/components/ColumnEditor/ColumnEditor.tsx [Server Component]
    ./app/admin/(protected)/columns/[id]/edit/page.tsx [Server Component]

  Client Component SSR:
    ./app/admin/components/BlockEditorItem/BlockEditorItem.tsx [Client Component SSR]
    ./app/admin/components/BlockEditor/BlockEditor.tsx [Client Component SSR]
    ./app/admin/components/ColumnEditor/ColumnEditor.tsx [Client Component SSR]
    ./app/admin/components/ColumnEditor/ColumnEditor.tsx [Server Component]
    ./app/admin/(protected)/columns/[id]/edit/page.tsx [Server Component] @ http://localhost:3000/_next/static/chunks/node_modules_next_dist_f3530cac._.js:3127
[ -232413ms] [ERROR] ./app/admin/components/BlockEditorItem/BlockEditorItem.tsx:8:1
Export toggleHighlight doesn't exist in target module
   6 | import ImageUploadField from '../ImageUploadField';
   7 | import { COLUMN_LIMITS } from '../../../lib/columns/constants';
>  8 | import { hasHighlight, parseInlineText, toggleHighlight } from '../../../lib/columns/inline';
     | ^^^^^^^^^^^^^^^^^^^^^^^^^^^^^^^^^^^^^^^^^^^^^^^^^^^^^^^^^^^^^^^^^^^^^^^^^^^^^^^^^^^^^^^^^^^^^
   9 | import type { ColumnBlock, ParagraphBlock, YoutubeBlock } from '../../../lib/columns/types';
  10 | import { extractYouTubeId, youtubeThumbnailUrl } from '../../../lib/youtube';
  11 |

The export toggleHighlight was not found in module [project]/app/lib/columns/inline.ts [app-client] (ecmascript).
Did you mean to import inlineToPlainText?
All exports of the module are statically known (It doesn't have dynamic exports). So it's known statically that the requested export doesn't exist.

Import traces:
  Client Component Browser:
    ./app/admin/components/BlockEditorItem/BlockEditorItem.tsx [Client Component Browser]
    ./app/admin/components/BlockEditor/BlockEditor.tsx [Client Component Browser]
    ./app/admin/components/ColumnEditor/ColumnEditor.tsx [Client Component Browser]
    ./app/admin/components/ColumnEditor/ColumnEditor.tsx [Server Component]
    ./app/admin/(protected)/columns/[id]/edit/page.tsx [Server Component]

  Client Component SSR:
    ./app/admin/components/BlockEditorItem/BlockEditorItem.tsx [Client Component SSR]
    ./app/admin/components/BlockEditor/BlockEditor.tsx [Client Component SSR]
    ./app/admin/components/ColumnEditor/ColumnEditor.tsx [Client Component SSR]
    ./app/admin/components/ColumnEditor/ColumnEditor.tsx [Server Component]
    ./app/admin/(protected)/columns/[id]/edit/page.tsx [Server Component] @ http://localhost:3000/_next/static/chunks/node_modules_next_dist_f3530cac._.js:3127
[ -232413ms] [ERROR] ./app/admin/components/BlockEditorItem/BlockEditorItem.tsx:8:1
Export toggleHighlight doesn't exist in target module
   6 | import ImageUploadField from '../ImageUploadField';
   7 | import { COLUMN_LIMITS } from '../../../lib/columns/constants';
>  8 | import { hasHighlight, parseInlineText, toggleHighlight } from '../../../lib/columns/inline';
     | ^^^^^^^^^^^^^^^^^^^^^^^^^^^^^^^^^^^^^^^^^^^^^^^^^^^^^^^^^^^^^^^^^^^^^^^^^^^^^^^^^^^^^^^^^^^^^
   9 | import type { ColumnBlock, ParagraphBlock, YoutubeBlock } from '../../../lib/columns/types';
  10 | import { extractYouTubeId, youtubeThumbnailUrl } from '../../../lib/youtube';
  11 |

The export toggleHighlight was not found in module [project]/app/lib/columns/inline.ts [app-ssr] (ecmascript).
Did you mean to import inlineToPlainText?
All exports of the module are statically known (It doesn't have dynamic exports). So it's known statically that the requested export doesn't exist.

Import traces:
  Client Component Browser:
    ./app/admin/components/BlockEditorItem/BlockEditorItem.tsx [Client Component Browser]
    ./app/admin/components/BlockEditor/BlockEditor.tsx [Client Component Browser]
    ./app/admin/components/ColumnEditor/ColumnEditor.tsx [Client Component Browser]
    ./app/admin/components/ColumnEditor/ColumnEditor.tsx [Server Component]
    ./app/admin/(protected)/columns/[id]/edit/page.tsx [Server Component]

  Client Component SSR:
    ./app/admin/components/BlockEditorItem/BlockEditorItem.tsx [Client Component SSR]
    ./app/admin/components/BlockEditor/BlockEditor.tsx [Client Component SSR]
    ./app/admin/components/ColumnEditor/ColumnEditor.tsx [Client Component SSR]
    ./app/admin/components/ColumnEditor/ColumnEditor.tsx [Server Component]
    ./app/admin/(protected)/columns/[id]/edit/page.tsx [Server Component] @ http://localhost:3000/_next/static/chunks/node_modules_next_dist_f3530cac._.js:3127
[ -232407ms] [LOG] [Fast Refresh] rebuilding @ http://localhost:3000/_next/static/chunks/node_modules_next_dist_f3530cac._.js:2297
[ -229081ms] [ERROR] ./app/admin/components/BlockEditorItem/BlockEditorItem.tsx:8:1
Export hasHighlight doesn't exist in target module
   6 | import ImageUploadField from '../ImageUploadField';
   7 | import { COLUMN_LIMITS } from '../../../lib/columns/constants';
>  8 | import { hasHighlight, parseInlineText, toggleHighlight } from '../../../lib/columns/inline';
     | ^^^^^^^^^^^^^^^^^^^^^^^^^^^^^^^^^^^^^^^^^^^^^^^^^^^^^^^^^^^^^^^^^^^^^^^^^^^^^^^^^^^^^^^^^^^^^
   9 | import type { ColumnBlock, ParagraphBlock, YoutubeBlock } from '../../../lib/columns/types';
  10 | import { extractYouTubeId, youtubeThumbnailUrl } from '../../../lib/youtube';
  11 |

The export hasHighlight was not found in module [project]/app/lib/columns/inline.ts [app-client] (ecmascript).
Did you mean to import inlineToPlainText?
All exports of the module are statically known (It doesn't have dynamic exports). So it's known statically that the requested export doesn't exist.

Import traces:
  Client Component Browser:
    ./app/admin/components/BlockEditorItem/BlockEditorItem.tsx [Client Component Browser]
    ./app/admin/components/BlockEditor/BlockEditor.tsx [Client Component Browser]
    ./app/admin/components/ColumnEditor/ColumnEditor.tsx [Client Component Browser]
    ./app/admin/components/ColumnEditor/ColumnEditor.tsx [Server Component]
    ./app/admin/(protected)/columns/[id]/edit/page.tsx [Server Component]

  Client Component SSR:
    ./app/admin/components/BlockEditorItem/BlockEditorItem.tsx [Client Component SSR]
    ./app/admin/components/BlockEditor/BlockEditor.tsx [Client Component SSR]
    ./app/admin/components/ColumnEditor/ColumnEditor.tsx [Client Component SSR]
    ./app/admin/components/ColumnEditor/ColumnEditor.tsx [Server Component]
    ./app/admin/(protected)/columns/[id]/edit/page.tsx [Server Component] @ http://localhost:3000/_next/static/chunks/node_modules_next_dist_f3530cac._.js:3127
[ -229080ms] [ERROR] ./app/admin/components/BlockEditorItem/BlockEditorItem.tsx:8:1
Export hasHighlight doesn't exist in target module
   6 | import ImageUploadField from '../ImageUploadField';
   7 | import { COLUMN_LIMITS } from '../../../lib/columns/constants';
>  8 | import { hasHighlight, parseInlineText, toggleHighlight } from '../../../lib/columns/inline';
     | ^^^^^^^^^^^^^^^^^^^^^^^^^^^^^^^^^^^^^^^^^^^^^^^^^^^^^^^^^^^^^^^^^^^^^^^^^^^^^^^^^^^^^^^^^^^^^
   9 | import type { ColumnBlock, ParagraphBlock, YoutubeBlock } from '../../../lib/columns/types';
  10 | import { extractYouTubeId, youtubeThumbnailUrl } from '../../../lib/youtube';
  11 |

The export hasHighlight was not found in module [project]/app/lib/columns/inline.ts [app-ssr] (ecmascript).
Did you mean to import inlineToPlainText?
All exports of the module are statically known (It doesn't have dynamic exports). So it's known statically that the requested export doesn't exist.

Import traces:
  Client Component Browser:
    ./app/admin/components/BlockEditorItem/BlockEditorItem.tsx [Client Component Browser]
    ./app/admin/components/BlockEditor/BlockEditor.tsx [Client Component Browser]
    ./app/admin/components/ColumnEditor/ColumnEditor.tsx [Client Component Browser]
    ./app/admin/components/ColumnEditor/ColumnEditor.tsx [Server Component]
    ./app/admin/(protected)/columns/[id]/edit/page.tsx [Server Component]

  Client Component SSR:
    ./app/admin/components/BlockEditorItem/BlockEditorItem.tsx [Client Component SSR]
    ./app/admin/components/BlockEditor/BlockEditor.tsx [Client Component SSR]
    ./app/admin/components/ColumnEditor/ColumnEditor.tsx [Client Component SSR]
    ./app/admin/components/ColumnEditor/ColumnEditor.tsx [Server Component]
    ./app/admin/(protected)/columns/[id]/edit/page.tsx [Server Component] @ http://localhost:3000/_next/static/chunks/node_modules_next_dist_f3530cac._.js:3127
[ -229080ms] [ERROR] ./app/admin/components/BlockEditorItem/BlockEditorItem.tsx:8:1
Export parseInlineText doesn't exist in target module
   6 | import ImageUploadField from '../ImageUploadField';
   7 | import { COLUMN_LIMITS } from '../../../lib/columns/constants';
>  8 | import { hasHighlight, parseInlineText, toggleHighlight } from '../../../lib/columns/inline';
     | ^^^^^^^^^^^^^^^^^^^^^^^^^^^^^^^^^^^^^^^^^^^^^^^^^^^^^^^^^^^^^^^^^^^^^^^^^^^^^^^^^^^^^^^^^^^^^
   9 | import type { ColumnBlock, ParagraphBlock, YoutubeBlock } from '../../../lib/columns/types';
  10 | import { extractYouTubeId, youtubeThumbnailUrl } from '../../../lib/youtube';
  11 |

The export parseInlineText was not found in module [project]/app/lib/columns/inline.ts [app-client] (ecmascript).
Did you mean to import parseInlineContent?
All exports of the module are statically known (It doesn't have dynamic exports). So it's known statically that the requested export doesn't exist.

Import traces:
  Client Component Browser:
    ./app/admin/components/BlockEditorItem/BlockEditorItem.tsx [Client Component Browser]
    ./app/admin/components/BlockEditor/BlockEditor.tsx [Client Component Browser]
    ./app/admin/components/ColumnEditor/ColumnEditor.tsx [Client Component Browser]
    ./app/admin/components/ColumnEditor/ColumnEditor.tsx [Server Component]
    ./app/admin/(protected)/columns/[id]/edit/page.tsx [Server Component]

  Client Component SSR:
    ./app/admin/components/BlockEditorItem/BlockEditorItem.tsx [Client Component SSR]
    ./app/admin/components/BlockEditor/BlockEditor.tsx [Client Component SSR]
    ./app/admin/components/ColumnEditor/ColumnEditor.tsx [Client Component SSR]
    ./app/admin/components/ColumnEditor/ColumnEditor.tsx [Server Component]
    ./app/admin/(protected)/columns/[id]/edit/page.tsx [Server Component] @ http://localhost:3000/_next/static/chunks/node_modules_next_dist_f3530cac._.js:3127
[ -229080ms] [ERROR] ./app/admin/components/BlockEditorItem/BlockEditorItem.tsx:8:1
Export parseInlineText doesn't exist in target module
   6 | import ImageUploadField from '../ImageUploadField';
   7 | import { COLUMN_LIMITS } from '../../../lib/columns/constants';
>  8 | import { hasHighlight, parseInlineText, toggleHighlight } from '../../../lib/columns/inline';
     | ^^^^^^^^^^^^^^^^^^^^^^^^^^^^^^^^^^^^^^^^^^^^^^^^^^^^^^^^^^^^^^^^^^^^^^^^^^^^^^^^^^^^^^^^^^^^^
   9 | import type { ColumnBlock, ParagraphBlock, YoutubeBlock } from '../../../lib/columns/types';
  10 | import { extractYouTubeId, youtubeThumbnailUrl } from '../../../lib/youtube';
  11 |

The export parseInlineText was not found in module [project]/app/lib/columns/inline.ts [app-ssr] (ecmascript).
Did you mean to import parseInlineContent?
All exports of the module are statically known (It doesn't have dynamic exports). So it's known statically that the requested export doesn't exist.

Import traces:
  Client Component Browser:
    ./app/admin/components/BlockEditorItem/BlockEditorItem.tsx [Client Component Browser]
    ./app/admin/components/BlockEditor/BlockEditor.tsx [Client Component Browser]
    ./app/admin/components/ColumnEditor/ColumnEditor.tsx [Client Component Browser]
    ./app/admin/components/ColumnEditor/ColumnEditor.tsx [Server Component]
    ./app/admin/(protected)/columns/[id]/edit/page.tsx [Server Component]

  Client Component SSR:
    ./app/admin/components/BlockEditorItem/BlockEditorItem.tsx [Client Component SSR]
    ./app/admin/components/BlockEditor/BlockEditor.tsx [Client Component SSR]
    ./app/admin/components/ColumnEditor/ColumnEditor.tsx [Client Component SSR]
    ./app/admin/components/ColumnEditor/ColumnEditor.tsx [Server Component]
    ./app/admin/(protected)/columns/[id]/edit/page.tsx [Server Component] @ http://localhost:3000/_next/static/chunks/node_modules_next_dist_f3530cac._.js:3127
[ -229080ms] [ERROR] ./app/admin/components/BlockEditorItem/BlockEditorItem.tsx:8:1
Export toggleHighlight doesn't exist in target module
   6 | import ImageUploadField from '../ImageUploadField';
   7 | import { COLUMN_LIMITS } from '../../../lib/columns/constants';
>  8 | import { hasHighlight, parseInlineText, toggleHighlight } from '../../../lib/columns/inline';
     | ^^^^^^^^^^^^^^^^^^^^^^^^^^^^^^^^^^^^^^^^^^^^^^^^^^^^^^^^^^^^^^^^^^^^^^^^^^^^^^^^^^^^^^^^^^^^^
   9 | import type { ColumnBlock, ParagraphBlock, YoutubeBlock } from '../../../lib/columns/types';
  10 | import { extractYouTubeId, youtubeThumbnailUrl } from '../../../lib/youtube';
  11 |

The export toggleHighlight was not found in module [project]/app/lib/columns/inline.ts [app-client] (ecmascript).
Did you mean to import inlineToPlainText?
All exports of the module are statically known (It doesn't have dynamic exports). So it's known statically that the requested export doesn't exist.

Import traces:
  Client Component Browser:
    ./app/admin/components/BlockEditorItem/BlockEditorItem.tsx [Client Component Browser]
    ./app/admin/components/BlockEditor/BlockEditor.tsx [Client Component Browser]
    ./app/admin/components/ColumnEditor/ColumnEditor.tsx [Client Component Browser]
    ./app/admin/components/ColumnEditor/ColumnEditor.tsx [Server Component]
    ./app/admin/(protected)/columns/[id]/edit/page.tsx [Server Component]

  Client Component SSR:
    ./app/admin/components/BlockEditorItem/BlockEditorItem.tsx [Client Component SSR]
    ./app/admin/components/BlockEditor/BlockEditor.tsx [Client Component SSR]
    ./app/admin/components/ColumnEditor/ColumnEditor.tsx [Client Component SSR]
    ./app/admin/components/ColumnEditor/ColumnEditor.tsx [Server Component]
    ./app/admin/(protected)/columns/[id]/edit/page.tsx [Server Component] @ http://localhost:3000/_next/static/chunks/node_modules_next_dist_f3530cac._.js:3127
[ -229080ms] [ERROR] ./app/admin/components/BlockEditorItem/BlockEditorItem.tsx:8:1
Export toggleHighlight doesn't exist in target module
   6 | import ImageUploadField from '../ImageUploadField';
   7 | import { COLUMN_LIMITS } from '../../../lib/columns/constants';
>  8 | import { hasHighlight, parseInlineText, toggleHighlight } from '../../../lib/columns/inline';
     | ^^^^^^^^^^^^^^^^^^^^^^^^^^^^^^^^^^^^^^^^^^^^^^^^^^^^^^^^^^^^^^^^^^^^^^^^^^^^^^^^^^^^^^^^^^^^^
   9 | import type { ColumnBlock, ParagraphBlock, YoutubeBlock } from '../../../lib/columns/types';
  10 | import { extractYouTubeId, youtubeThumbnailUrl } from '../../../lib/youtube';
  11 |

The export toggleHighlight was not found in module [project]/app/lib/columns/inline.ts [app-ssr] (ecmascript).
Did you mean to import inlineToPlainText?
All exports of the module are statically known (It doesn't have dynamic exports). So it's known statically that the requested export doesn't exist.

Import traces:
  Client Component Browser:
    ./app/admin/components/BlockEditorItem/BlockEditorItem.tsx [Client Component Browser]
    ./app/admin/components/BlockEditor/BlockEditor.tsx [Client Component Browser]
    ./app/admin/components/ColumnEditor/ColumnEditor.tsx [Client Component Browser]
    ./app/admin/components/ColumnEditor/ColumnEditor.tsx [Server Component]
    ./app/admin/(protected)/columns/[id]/edit/page.tsx [Server Component]

  Client Component SSR:
    ./app/admin/components/BlockEditorItem/BlockEditorItem.tsx [Client Component SSR]
    ./app/admin/components/BlockEditor/BlockEditor.tsx [Client Component SSR]
    ./app/admin/components/ColumnEditor/ColumnEditor.tsx [Client Component SSR]
    ./app/admin/components/ColumnEditor/ColumnEditor.tsx [Server Component]
    ./app/admin/(protected)/columns/[id]/edit/page.tsx [Server Component] @ http://localhost:3000/_next/static/chunks/node_modules_next_dist_f3530cac._.js:3127
[ -229034ms] [LOG] [Fast Refresh] rebuilding @ http://localhost:3000/_next/static/chunks/node_modules_next_dist_f3530cac._.js:2297
[ -209257ms] [ERROR] ./app/admin/components/BlockEditorItem/BlockEditorItem.tsx:8:1
Export hasHighlight doesn't exist in target module
   6 | import ImageUploadField from '../ImageUploadField';
   7 | import { COLUMN_LIMITS } from '../../../lib/columns/constants';
>  8 | import { hasHighlight, parseInlineText, toggleHighlight } from '../../../lib/columns/inline';
     | ^^^^^^^^^^^^^^^^^^^^^^^^^^^^^^^^^^^^^^^^^^^^^^^^^^^^^^^^^^^^^^^^^^^^^^^^^^^^^^^^^^^^^^^^^^^^^
   9 | import type { ColumnBlock, ParagraphBlock, YoutubeBlock } from '../../../lib/columns/types';
  10 | import { extractYouTubeId, youtubeThumbnailUrl } from '../../../lib/youtube';
  11 |

The export hasHighlight was not found in module [project]/app/lib/columns/inline.ts [app-client] (ecmascript).
Did you mean to import inlineToPlainText?
All exports of the module are statically known (It doesn't have dynamic exports). So it's known statically that the requested export doesn't exist.

Import traces:
  Client Component Browser:
    ./app/admin/components/BlockEditorItem/BlockEditorItem.tsx [Client Component Browser]
    ./app/admin/components/BlockEditor/BlockEditor.tsx [Client Component Browser]
    ./app/admin/components/ColumnEditor/ColumnEditor.tsx [Client Component Browser]
    ./app/admin/components/ColumnEditor/ColumnEditor.tsx [Server Component]
    ./app/admin/(protected)/columns/[id]/edit/page.tsx [Server Component]

  Client Component SSR:
    ./app/admin/components/BlockEditorItem/BlockEditorItem.tsx [Client Component SSR]
    ./app/admin/components/BlockEditor/BlockEditor.tsx [Client Component SSR]
    ./app/admin/components/ColumnEditor/ColumnEditor.tsx [Client Component SSR]
    ./app/admin/components/ColumnEditor/ColumnEditor.tsx [Server Component]
    ./app/admin/(protected)/columns/[id]/edit/page.tsx [Server Component] @ http://localhost:3000/_next/static/chunks/node_modules_next_dist_f3530cac._.js:3127
[ -209257ms] [ERROR] ./app/admin/components/BlockEditorItem/BlockEditorItem.tsx:8:1
Export hasHighlight doesn't exist in target module
   6 | import ImageUploadField from '../ImageUploadField';
   7 | import { COLUMN_LIMITS } from '../../../lib/columns/constants';
>  8 | import { hasHighlight, parseInlineText, toggleHighlight } from '../../../lib/columns/inline';
     | ^^^^^^^^^^^^^^^^^^^^^^^^^^^^^^^^^^^^^^^^^^^^^^^^^^^^^^^^^^^^^^^^^^^^^^^^^^^^^^^^^^^^^^^^^^^^^
   9 | import type { ColumnBlock, ParagraphBlock, YoutubeBlock } from '../../../lib/columns/types';
  10 | import { extractYouTubeId, youtubeThumbnailUrl } from '../../../lib/youtube';
  11 |

The export hasHighlight was not found in module [project]/app/lib/columns/inline.ts [app-ssr] (ecmascript).
Did you mean to import inlineToPlainText?
All exports of the module are statically known (It doesn't have dynamic exports). So it's known statically that the requested export doesn't exist.

Import traces:
  Client Component Browser:
    ./app/admin/components/BlockEditorItem/BlockEditorItem.tsx [Client Component Browser]
    ./app/admin/components/BlockEditor/BlockEditor.tsx [Client Component Browser]
    ./app/admin/components/ColumnEditor/ColumnEditor.tsx [Client Component Browser]
    ./app/admin/components/ColumnEditor/ColumnEditor.tsx [Server Component]
    ./app/admin/(protected)/columns/[id]/edit/page.tsx [Server Component]

  Client Component SSR:
    ./app/admin/components/BlockEditorItem/BlockEditorItem.tsx [Client Component SSR]
    ./app/admin/components/BlockEditor/BlockEditor.tsx [Client Component SSR]
    ./app/admin/components/ColumnEditor/ColumnEditor.tsx [Client Component SSR]
    ./app/admin/components/ColumnEditor/ColumnEditor.tsx [Server Component]
    ./app/admin/(protected)/columns/[id]/edit/page.tsx [Server Component] @ http://localhost:3000/_next/static/chunks/node_modules_next_dist_f3530cac._.js:3127
[ -209257ms] [ERROR] ./app/admin/components/BlockEditorItem/BlockEditorItem.tsx:8:1
Export parseInlineText doesn't exist in target module
   6 | import ImageUploadField from '../ImageUploadField';
   7 | import { COLUMN_LIMITS } from '../../../lib/columns/constants';
>  8 | import { hasHighlight, parseInlineText, toggleHighlight } from '../../../lib/columns/inline';
     | ^^^^^^^^^^^^^^^^^^^^^^^^^^^^^^^^^^^^^^^^^^^^^^^^^^^^^^^^^^^^^^^^^^^^^^^^^^^^^^^^^^^^^^^^^^^^^
   9 | import type { ColumnBlock, ParagraphBlock, YoutubeBlock } from '../../../lib/columns/types';
  10 | import { extractYouTubeId, youtubeThumbnailUrl } from '../../../lib/youtube';
  11 |

The export parseInlineText was not found in module [project]/app/lib/columns/inline.ts [app-client] (ecmascript).
Did you mean to import parseInlineContent?
All exports of the module are statically known (It doesn't have dynamic exports). So it's known statically that the requested export doesn't exist.

Import traces:
  Client Component Browser:
    ./app/admin/components/BlockEditorItem/BlockEditorItem.tsx [Client Component Browser]
    ./app/admin/components/BlockEditor/BlockEditor.tsx [Client Component Browser]
    ./app/admin/components/ColumnEditor/ColumnEditor.tsx [Client Component Browser]
    ./app/admin/components/ColumnEditor/ColumnEditor.tsx [Server Component]
    ./app/admin/(protected)/columns/[id]/edit/page.tsx [Server Component]

  Client Component SSR:
    ./app/admin/components/BlockEditorItem/BlockEditorItem.tsx [Client Component SSR]
    ./app/admin/components/BlockEditor/BlockEditor.tsx [Client Component SSR]
    ./app/admin/components/ColumnEditor/ColumnEditor.tsx [Client Component SSR]
    ./app/admin/components/ColumnEditor/ColumnEditor.tsx [Server Component]
    ./app/admin/(protected)/columns/[id]/edit/page.tsx [Server Component] @ http://localhost:3000/_next/static/chunks/node_modules_next_dist_f3530cac._.js:3127
[ -209256ms] [ERROR] ./app/admin/components/BlockEditorItem/BlockEditorItem.tsx:8:1
Export parseInlineText doesn't exist in target module
   6 | import ImageUploadField from '../ImageUploadField';
   7 | import { COLUMN_LIMITS } from '../../../lib/columns/constants';
>  8 | import { hasHighlight, parseInlineText, toggleHighlight } from '../../../lib/columns/inline';
     | ^^^^^^^^^^^^^^^^^^^^^^^^^^^^^^^^^^^^^^^^^^^^^^^^^^^^^^^^^^^^^^^^^^^^^^^^^^^^^^^^^^^^^^^^^^^^^
   9 | import type { ColumnBlock, ParagraphBlock, YoutubeBlock } from '../../../lib/columns/types';
  10 | import { extractYouTubeId, youtubeThumbnailUrl } from '../../../lib/youtube';
  11 |

The export parseInlineText was not found in module [project]/app/lib/columns/inline.ts [app-ssr] (ecmascript).
Did you mean to import parseInlineContent?
All exports of the module are statically known (It doesn't have dynamic exports). So it's known statically that the requested export doesn't exist.

Import traces:
  Client Component Browser:
    ./app/admin/components/BlockEditorItem/BlockEditorItem.tsx [Client Component Browser]
    ./app/admin/components/BlockEditor/BlockEditor.tsx [Client Component Browser]
    ./app/admin/components/ColumnEditor/ColumnEditor.tsx [Client Component Browser]
    ./app/admin/components/ColumnEditor/ColumnEditor.tsx [Server Component]
    ./app/admin/(protected)/columns/[id]/edit/page.tsx [Server Component]

  Client Component SSR:
    ./app/admin/components/BlockEditorItem/BlockEditorItem.tsx [Client Component SSR]
    ./app/admin/components/BlockEditor/BlockEditor.tsx [Client Component SSR]
    ./app/admin/components/ColumnEditor/ColumnEditor.tsx [Client Component SSR]
    ./app/admin/components/ColumnEditor/ColumnEditor.tsx [Server Component]
    ./app/admin/(protected)/columns/[id]/edit/page.tsx [Server Component] @ http://localhost:3000/_next/static/chunks/node_modules_next_dist_f3530cac._.js:3127
[ -209256ms] [ERROR] ./app/admin/components/BlockEditorItem/BlockEditorItem.tsx:8:1
Export toggleHighlight doesn't exist in target module
   6 | import ImageUploadField from '../ImageUploadField';
   7 | import { COLUMN_LIMITS } from '../../../lib/columns/constants';
>  8 | import { hasHighlight, parseInlineText, toggleHighlight } from '../../../lib/columns/inline';
     | ^^^^^^^^^^^^^^^^^^^^^^^^^^^^^^^^^^^^^^^^^^^^^^^^^^^^^^^^^^^^^^^^^^^^^^^^^^^^^^^^^^^^^^^^^^^^^
   9 | import type { ColumnBlock, ParagraphBlock, YoutubeBlock } from '../../../lib/columns/types';
  10 | import { extractYouTubeId, youtubeThumbnailUrl } from '../../../lib/youtube';
  11 |

The export toggleHighlight was not found in module [project]/app/lib/columns/inline.ts [app-client] (ecmascript).
Did you mean to import inlineToPlainText?
All exports of the module are statically known (It doesn't have dynamic exports). So it's known statically that the requested export doesn't exist.

Import traces:
  Client Component Browser:
    ./app/admin/components/BlockEditorItem/BlockEditorItem.tsx [Client Component Browser]
    ./app/admin/components/BlockEditor/BlockEditor.tsx [Client Component Browser]
    ./app/admin/components/ColumnEditor/ColumnEditor.tsx [Client Component Browser]
    ./app/admin/components/ColumnEditor/ColumnEditor.tsx [Server Component]
    ./app/admin/(protected)/columns/[id]/edit/page.tsx [Server Component]

  Client Component SSR:
    ./app/admin/components/BlockEditorItem/BlockEditorItem.tsx [Client Component SSR]
    ./app/admin/components/BlockEditor/BlockEditor.tsx [Client Component SSR]
    ./app/admin/components/ColumnEditor/ColumnEditor.tsx [Client Component SSR]
    ./app/admin/components/ColumnEditor/ColumnEditor.tsx [Server Component]
    ./app/admin/(protected)/columns/[id]/edit/page.tsx [Server Component] @ http://localhost:3000/_next/static/chunks/node_modules_next_dist_f3530cac._.js:3127
[ -209256ms] [ERROR] ./app/admin/components/BlockEditorItem/BlockEditorItem.tsx:8:1
Export toggleHighlight doesn't exist in target module
   6 | import ImageUploadField from '../ImageUploadField';
   7 | import { COLUMN_LIMITS } from '../../../lib/columns/constants';
>  8 | import { hasHighlight, parseInlineText, toggleHighlight } from '../../../lib/columns/inline';
     | ^^^^^^^^^^^^^^^^^^^^^^^^^^^^^^^^^^^^^^^^^^^^^^^^^^^^^^^^^^^^^^^^^^^^^^^^^^^^^^^^^^^^^^^^^^^^^
   9 | import type { ColumnBlock, ParagraphBlock, YoutubeBlock } from '../../../lib/columns/types';
  10 | import { extractYouTubeId, youtubeThumbnailUrl } from '../../../lib/youtube';
  11 |

The export toggleHighlight was not found in module [project]/app/lib/columns/inline.ts [app-ssr] (ecmascript).
Did you mean to import inlineToPlainText?
All exports of the module are statically known (It doesn't have dynamic exports). So it's known statically that the requested export doesn't exist.

Import traces:
  Client Component Browser:
    ./app/admin/components/BlockEditorItem/BlockEditorItem.tsx [Client Component Browser]
    ./app/admin/components/BlockEditor/BlockEditor.tsx [Client Component Browser]
    ./app/admin/components/ColumnEditor/ColumnEditor.tsx [Client Component Browser]
    ./app/admin/components/ColumnEditor/ColumnEditor.tsx [Server Component]
    ./app/admin/(protected)/columns/[id]/edit/page.tsx [Server Component]

  Client Component SSR:
    ./app/admin/components/BlockEditorItem/BlockEditorItem.tsx [Client Component SSR]
    ./app/admin/components/BlockEditor/BlockEditor.tsx [Client Component SSR]
    ./app/admin/components/ColumnEditor/ColumnEditor.tsx [Client Component SSR]
    ./app/admin/components/ColumnEditor/ColumnEditor.tsx [Server Component]
    ./app/admin/(protected)/columns/[id]/edit/page.tsx [Server Component] @ http://localhost:3000/_next/static/chunks/node_modules_next_dist_f3530cac._.js:3127
[ -209210ms] [LOG] [Fast Refresh] rebuilding @ http://localhost:3000/_next/static/chunks/node_modules_next_dist_f3530cac._.js:2297
[ -198073ms] [LOG] [Fast Refresh] rebuilding @ http://localhost:3000/_next/static/chunks/node_modules_next_dist_f3530cac._.js:2297
[ -197965ms] [WARNING] [Fast Refresh] performing full reload

Fast Refresh will perform a full reload when you edit a file that's imported by modules outside of the React rendering tree.
You might have a file which exports a React component but also exports a value that is imported by a non-React component file.
Consider migrating the non-React component export to a separate file and importing it into both files.

It is also possible the parent component of the component you edited is a class component, which disables Fast Refresh.
Fast Refresh requires at least one parent function component in your React tree. @ http://localhost:3000/_next/static/chunks/node_modules_next_dist_f3530cac._.js:2297
[  -74704ms] [LOG] [Fast Refresh] done in 170ms @ http://localhost:3000/_next/static/chunks/node_modules_next_dist_f3530cac._.js:2297
[  -74664ms] [LOG] [Fast Refresh] rebuilding @ http://localhost:3000/_next/static/chunks/node_modules_next_dist_f3530cac._.js:2297
[  -74662ms] [WARNING] [Fast Refresh] performing full reload

Fast Refresh will perform a full reload when you edit a file that's imported by modules outside of the React rendering tree.
You might have a file which exports a React component but also exports a value that is imported by a non-React component file.
Consider migrating the non-React component export to a separate file and importing it into both files.

It is also possible the parent component of the component you edited is a class component, which disables Fast Refresh.
Fast Refresh requires at least one parent function component in your React tree. @ http://localhost:3000/_next/static/chunks/node_modules_next_dist_f3530cac._.js:2297
[  -73723ms] [LOG] [Fast Refresh] done in 39ms @ http://localhost:3000/_next/static/chunks/node_modules_next_dist_f3530cac._.js:2297
[  -73577ms] [LOG] [Fast Refresh] rebuilding @ http://localhost:3000/_next/static/chunks/node_modules_next_dist_f3530cac._.js:2297
[  -73483ms] [WARNING] [Fast Refresh] performing full reload

Fast Refresh will perform a full reload when you edit a file that's imported by modules outside of the React rendering tree.
You might have a file which exports a React component but also exports a value that is imported by a non-React component file.
Consider migrating the non-React component export to a separate file and importing it into both files.

It is also possible the parent component of the component you edited is a class component, which disables Fast Refresh.
Fast Refresh requires at least one parent function component in your React tree. @ http://localhost:3000/_next/static/chunks/node_modules_next_dist_f3530cac._.js:2297
[  -72494ms] [LOG] [Fast Refresh] done in 196ms @ http://localhost:3000/_next/static/chunks/node_modules_next_dist_f3530cac._.js:2297
[  -72494ms] [LOG] [Fast Refresh] rebuilding @ http://localhost:3000/_next/static/chunks/node_modules_next_dist_f3530cac._.js:2297
[  -72456ms] [WARNING] [Fast Refresh] performing full reload

Fast Refresh will perform a full reload when you edit a file that's imported by modules outside of the React rendering tree.
You might have a file which exports a React component but also exports a value that is imported by a non-React component file.
Consider migrating the non-React component export to a separate file and importing it into both files.

It is also possible the parent component of the component you edited is a class component, which disables Fast Refresh.
Fast Refresh requires at least one parent function component in your React tree. @ http://localhost:3000/_next/static/chunks/node_modules_next_dist_f3530cac._.js:2297
